time,lap,lap_dist_pct,throttle,brake,steering,gear,speed,rpm
1197.8499715164376,5,0.0003802650608122349,1.0,0.0,-0.030411843210458755,3,126.89248809814454,6196.91015625
1197.9166381831042,5,0.0011171078076586127,1.0,0.0,-0.029917500913143158,3,127.43907165527344,6233.28759765625
1197.9666381831041,5,0.001671800040639937,1.0,0.0,-0.030659956857562065,3,127.84141845703125,6230.8359375
1198.016638183104,5,0.0022282141726464033,1.0,0.0,-0.030411845073103905,3,128.22063903808595,6264.3974609375
1198.0499715164374,5,0.0026000705547630787,1.0,0.0,-0.0309061948210001,3,128.47928466796876,6305.04296875
1198.0999715164373,5,0.00315935374237597,1.0,0.0,-0.03239016979932785,3,128.9070785522461,6301.21826171875
1198.1499715164373,5,0.0037205000407993793,1.0,0.0,-0.03313169628381729,3,129.32086486816408,6314.03369140625
1198.1999715164372,5,0.00428341468796134,1.0,0.0,-0.030659951269626617,3,129.71707305908203,6330.40185546875
1198.2333048497705,5,0.004659655038267374,1.0,0.0,-0.029423145577311516,3,129.97750396728517,6331.759765625
1198.2666381831039,5,0.005036655347794294,1.0,0.0,-0.027692923322319984,3,130.22344665527345,6352.81982421875
1198.3166381831038,5,0.005603470839560032,1.0,0.0,-0.028434449806809425,3,130.59334259033204,6378.998046875
1198.3666381831038,5,0.006171931512653828,1.0,0.0,-0.0309061948210001,3,130.9690887451172,6403.224609375
1198.4166381831037,5,0.006742012687027454,1.0,0.0,-0.02892880141735077,3,131.3463317871094,6429.68701171875
1198.4666381831037,5,0.007313768845051527,1.0,0.0,-0.02348908595740795,3,131.73701934814454,6440.06884765625
1198.5166381831036,5,0.007887203246355057,1.0,0.0,-0.016071975231170654,3,132.1186019897461,6467.22412109375
1198.5666381831036,5,0.008462311699986458,1.0,0.0,-0.005439716391265392,3,132.507421875,6471.712890625
1198.6166381831035,5,0.009039095602929592,1.0,0.0,0.002967032603919506,3,132.8888671875,6500.2001953125
1198.6666381831035,5,0.009617547504603863,1.0,0.0,0.008407684043049812,3,133.28445739746095,6507.0078125
1198.7166381831034,5,0.01019771583378315,1.0,0.0,0.011127542704343796,3,133.66303253173828,6527.6962890625
1198.7666381831034,5,0.010779526084661484,1.0,0.0,0.010632256977260113,3,134.04265136718752,6553.91943359375
1198.8166381831034,5,0.011363000608980656,1.0,0.0,0.007665224373340607,3,134.42715911865236,6561.44384765625
1198.8499715164367,5,0.011752907186746597,1.0,0.0,0.00692369882017374,3,134.67818298339844,6574.279296875
1198.8999715164366,5,0.012339110486209393,1.0,0.0,0.005440652370452881,3,135.04853210449218,6600.63330078125
1198.9499715164366,5,0.012926883064210415,1.0,0.0,0.005440650507807732,3,135.4266540527344,6609.263671875
1198.9999715164365,5,0.013515988364815712,1.0,0.0,0.0024736186023801565,3,135.8001480102539,6639.1162109375
1199.0499715164365,5,0.014106584712862968,1.0,0.0,-0.0012358733220025897,3,136.18380432128907,6653.56787109375
1199.0999715164364,5,0.014698854647576809,1.0,0.0,-0.005934064742177725,3,136.55760040283204,6656.87451171875
1199.1499715164364,5,0.015292691066861153,1.0,0.0,-0.008901095017790794,3,136.90936889648438,6689.20068359375
1199.1999715164363,5,0.015888115391135216,1.0,0.0,-0.01137377880513668,3,137.28749084472656,6723.5419921875
1199.2499715164363,5,0.01648525521159172,1.0,0.0,-0.01656632125377655,3,137.69019470214843,6720.765625
1199.2999715164362,5,0.017084142193198204,1.0,0.0,-0.01755501888692379,3,138.06403198242188,6726.69775390625
1199.3499715164362,5,0.017684603109955788,1.0,0.0,-0.012856828980147839,3,138.41757202148438,6752.1923828125
1199.3999715164362,5,0.0182866882532835,1.0,0.0,-0.0069227637723088264,3,138.78583374023438,6772.87109375
1199.4333048497695,5,0.018688976764678955,1.0,0.0,-0.005439716391265392,3,139.03262786865236,6784.3740234375
1199.4833048497694,5,0.019293783232569695,1.0,0.0,-0.005191603675484657,3,139.39808807373046,6797.79248046875
1199.5333048497694,5,0.019900156185030937,1.0,0.0,-0.0024726823903620243,3,139.74040832519532,6804.6435546875
1199.5833048497693,5,0.02050800994038582,1.0,0.0,0.011621889658272266,3,140.06785583496094,6840.5517578125
1199.6333048497693,5,0.021117309108376503,1.0,0.0,0.05019892379641533,3,140.41223602294923,6874.056640625
1199.6833048497692,5,0.02172817476093769,1.0,0.0,0.11647920310497284,3,140.7800033569336,6892.61865234375
1199.7166381831025,5,0.022136317566037178,1.0,0.0,0.16842234134674072,3,141.0296127319336,6900.25244140625
1199.7666381831025,5,0.0227498896420002,1.0,0.0,0.24313466250896454,3,141.39869842529296,6909.4541015625
1199.8166381831024,5,0.023365020751953125,1.0,0.0,0.2814851999282837,3,141.7493682861328,6928.8359375
1199.8666381831024,5,0.02398158796131611,1.0,0.0,0.2775256037712097,3,142.08255615234376,6946.57666015625
1199.9166381831024,5,0.024599431082606316,1.0,0.0,0.22457875311374664,3,142.3988800048828,6957.66796875
1199.9666381831023,5,0.025218423455953598,1.0,0.0,0.1152423620223999,3,142.7085708618164,6983.724609375
1200.0166381831023,5,0.025838585570454597,1.0,0.0,-0.072689950466156,3,143.03741912841798,7008.67138671875
1200.0666381831022,5,0.02646004408597946,1.0,0.0,-0.2420017421245575,3,143.37938232421877,7010.66943359375
1200.0999715164355,5,0.026875140145421028,1.0,0.0,-0.3114372491836548,3,143.60178680419924,7019.79150390625
1200.1499715164355,5,0.027499016374349594,1.0,0.0,-0.3341679573059082,3,143.92478485107424,7047.50732421875
1200.1999715164354,5,0.02812446467578411,1.0,0.0,-0.2973538637161255,3,144.2479476928711,7065.228515625
1200.2499715164354,5,0.028751561418175697,1.0,0.0,-0.2135823369026184,3,144.56512298583985,7090.13671875
1200.2999715164353,5,0.029380496591329575,1.0,0.0,-0.11595112085342407,3,144.8968002319336,7100.76953125
1200.3499715164353,5,0.03001122921705246,1.0,0.0,-0.025714591145515442,3,145.21595306396486,7106.8994140625
1200.3999715164352,5,0.03064333088696003,1.0,0.0,0.03659683093428612,3,145.53455657958986,7135.91796875
1200.4499715164352,5,0.03127681463956833,1.0,0.0,0.06281045079231262,3,145.8842788696289,7153.08056640625
1200.4999715164352,5,0.03191184252500534,1.0,0.0,0.06750956177711487,3,146.24979400634766,7144.37939453125
1200.549971516435,5,0.03254827484488487,1.0,0.0,0.05563957244157791,3,146.59163360595704,7160.2587890625
1200.599971516435,5,0.03318614512681961,1.0,0.0,0.041790302842855453,3,146.93387145996095,7179.53662109375
1200.649971516435,5,0.033825431019067764,1.0,0.0,0.02720138430595398,3,147.26521911621094,7180.04736328125
1200.699971516435,5,0.034465983510017395,1.0,0.0,0.021018274128437042,3,147.5738525390625,7205.4619140625
1200.749971516435,5,0.03510783240199089,1.0,0.0,0.022996608167886734,3,147.9019317626953,7245.71875
1200.7999715164349,5,0.03575111925601959,1.0,0.0,0.025716468691825867,3,148.2647689819336,7225.16796875
1200.8499715164348,5,0.03639582544565201,1.0,0.0,0.027942903339862823,3,148.5831527709961,7244.42529296875
1200.8999715164348,5,0.037041787058115005,1.0,0.0,0.03511378541588783,3,148.89570007324218,7258.6171875
1200.9499715164347,5,0.03768905997276306,1.0,0.0,0.043026186525821686,3,149.206462097168,7279.7509765625
1200.9999715164347,5,0.03833760693669319,1.0,0.0,0.04525263234972954,3,149.51499938964844,7288.84375
1201.0499715164347,5,0.03898736834526062,1.0,0.0,0.0435214638710022,3,149.81106719970703,7307.86669921875
1201.0999715164346,5,0.03963834419846535,1.0,0.0,0.04203842580318451,3,150.10876922607423,7332.60595703125
1201.1499715164346,5,0.040290556848049164,1.0,0.0,0.039565734565258026,3,150.41153869628906,7340.61767578125
1201.1999715164345,5,0.04094398021697998,1.0,0.0,0.030415590852499008,3,150.70867767333985,7357.46728515625
1201.2499715164345,5,0.041598621755838394,1.0,0.0,0.01335305068641901,3,151.00706634521484,7371.99658203125
1201.2999715164344,5,0.04225451126694679,1.0,0.0,-0.010384144261479378,3,151.3072265625,7378.87890625
1201.3499715164344,5,0.04291160777211189,1.0,0.0,-0.03189583122730255,3,151.59347534179688,7393.68994140625
1201.3999715164343,5,0.0435699038207531,1.0,0.0,-0.04005540907382965,3,151.8796829223633,7407.1630859375
1201.4333048497676,5,0.04400944337248802,1.0,0.0,-0.040796928107738495,3,152.06266021728516,7240.666015625
1201.4833048497676,5,0.04466892033815384,1.0,0.0,-0.03239018842577934,0,151.94306030273438,6803.5146484375
1201.5333048497675,5,0.045328110456466675,1.0,0.0,-0.02052205242216587,4,152.14676055908203,6192.7373046875
1201.5833048497675,5,0.045988842844963074,1.0,0.0,-0.01780219003558159,4,152.43108673095705,6265.7412109375
1201.6333048497675,5,0.046650905162096024,1.0,0.0,-0.012609654106199741,4,152.74736938476562,6223.79052734375
1201.6833048497674,5,0.047314319759607315,1.0,0.0,-0.0019773971289396286,4,153.01198883056642,6250.68701171875
1201.7166381831007,5,0.04775724560022354,1.0,0.0,0.006182176060974598,4,153.19363403320312,6247.07861328125
1201.7666381831007,5,0.04842265322804451,1.0,0.0,0.011127542704343796,4,153.44781646728515,6264.080078125
1201.8166381831006,5,0.04908917844295502,1.0,0.0,0.007665224839001894,4,153.7024932861328,6281.96435546875
1201.849971516434,5,0.04953417927026749,1.0,0.0,0.0027207934763282537,4,153.88096618652344,6292.3818359375
1201.8999715164339,5,0.050202686339616776,1.0,0.0,-0.0004934130702167749,4,154.14763183593752,6301.5634765625
1201.9499715164338,5,0.050872381776571274,1.0,0.0,-0.0002471746993251145,4,154.4125534057617,6316.51904296875
1201.9999715164338,5,0.051543258130550385,1.0,0.0,0.0024736188352108,4,154.68984832763672,6324.7158203125
1202.0499715164337,5,0.05221540108323097,1.0,0.0,0.0022255077492445707,4,154.96438293457032,6328.0595703125
1202.0999715164337,5,0.052888721227645874,1.0,0.0,0.0007424602517858148,4,155.2266815185547,6338.98681640625
1202.133304849767,5,0.053338248282670975,1.0,0.0,0.005687826778739691,4,155.40232543945314,6348.13671875
1202.183304849767,5,0.05401350185275078,1.0,0.0,0.008407682180404663,4,155.65811462402345,6352.45947265625
1202.2166381831003,5,0.05446430668234825,1.0,0.0,0.009396381676197052,4,155.82745513916015,6372.74658203125
1202.2666381831002,5,0.055141471326351166,1.0,0.0,0.008407683111727238,4,156.0901107788086,6378.833984375
1202.3166381831002,5,0.05581982061266899,1.0,0.0,0.0074180494993925095,4,156.35195617675782,6400.34423828125
1202.3666381831001,5,0.056499332189559937,1.0,0.0,0.0014839846407994628,4,156.62585906982423,6398.1044921875
1202.4166381831,5,0.05718006193637848,1.0,0.0,-0.0017311591655015945,4,156.89058837890624,6413.08642578125
1202.4666381831,5,0.05786198005080223,1.0,0.0,-0.003955730237066746,4,157.15718536376954,6414.9658203125
1202.5166381831,5,0.05854507163167,1.0,0.0,-0.004698190372437239,4,157.4158447265625,6431.56298828125
1202.5666381831,5,0.05922932177782059,1.0,0.0,-0.004944429732859135,4,157.67693481445312,6434.83740234375
1202.6166381831,5,0.059914715588092804,1.0,0.0,-0.00618123821914196,4,157.92506103515626,6447.02099609375
1202.6666381830998,5,0.06060123071074486,1.0,0.0,-0.007417113520205021,4,158.17373657226562,6459.1748046875
1202.7166381830998,5,0.06128883734345436,1.0,0.0,-0.005934063345193863,4,158.42005004882813,6471.23095703125
1202.7666381830998,5,0.06197749823331833,1.0,0.0,-0.005439715459942818,4,158.65716247558595,6484.35302734375
1202.8166381830997,5,0.06266697496175766,1.0,0.0,-0.005439715459942818,4,158.8978729248047,6506.54248046875
1202.8666381830997,5,0.06335755437612534,1.0,0.0,-0.006922761909663677,4,159.15642242431642,6515.68359375
1202.9166381830996,5,0.06404928863048553,1.0,0.0,-0.007170874625444412,4,159.4163040161133,6516.62158203125
1202.9666381830996,5,0.06474216282367706,1.0,0.0,-0.0066755893640220165,4,159.67527923583984,6532.86865234375
1203.0166381830995,5,0.0654362365603447,1.0,0.0,-0.005191604141145945,4,159.94232940673828,6534.02685546875
1203.0666381830995,5,0.06613147258758545,1.0,0.0,-0.0019773971289396286,4,160.19736328125,6539.330078125
1203.1166381830994,5,0.06682781130075455,1.0,0.0,-0.0012358733220025897,4,160.4424270629883,6547.70947265625
1203.1666381830994,5,0.06752526015043259,1.0,0.0,-0.0004934130702167749,4,160.6888641357422,6564.578125
1203.2166381830993,5,0.06822382658720016,1.0,0.0,-0.002472683321684599,4,160.93195037841798,6566.189453125
1203.2666381830993,5,0.06892344355583191,1.0,0.0,-0.006181239616125822,4,161.16148223876954,6578.646484375
1203.3166381830993,5,0.06962407380342484,1.0,0.0,-0.010384142398834229,4,161.38374938964844,6602.10302734375
1203.3499715164326,5,0.07009170949459076,1.0,0.0,-0.01359928771853447,4,161.5300735473633,6582.103515625
1203.3999715164325,5,0.07079394906759262,1.0,0.0,-0.018297476693987846,4,161.73360900878907,6658.716796875
1203.4499715164325,5,0.07149726897478104,1.0,0.0,-0.021016400307416916,4,162.0186492919922,6637.857421875
1203.4999715164324,5,0.07220185548067093,1.0,0.0,-0.02052205428481102,4,162.29175567626953,6634.45751953125
1203.5499715164324,5,0.07290762662887573,1.0,0.0,-0.011620957404375076,4,162.54400177001955,6627.99462890625
1203.5999715164323,5,0.07361449301242828,1.0,0.0,-0.000988698797300458,4,162.77700805664062,6644.99853515625
1203.6499715164323,5,0.07432239502668381,1.0,0.0,0.0029670323710888624,4,163.0090805053711,6650.00244140625
1203.6999715164322,5,0.0750313252210617,1.0,0.0,-0.003955730702728033,4,163.23141632080078,6671.0126953125
1203.7499715164322,5,0.07574129104614258,1.0,0.0,-0.012609655037522316,4,163.46373596191407,6685.869140625
1203.7999715164322,5,0.07645233720541,1.0,0.0,-0.01978052780032158,4,163.71529541015624,6701.68017578125
1203.8333048497655,5,0.07692700624465942,1.0,0.0,-0.020274877548217773,4,163.89349365234375,6694.822265625
1203.8833048497654,5,0.07764000445604324,1.0,0.0,-0.015082336962223053,4,164.13971099853515,6695.34228515625
1203.9333048497654,5,0.07835400849580765,1.0,0.0,-0.004944429267197847,4,164.37273101806642,6705.76123046875
1203.9833048497653,5,0.07906897366046906,1.0,0.0,0.003956667147576809,4,164.5960418701172,6713.728515625
1204.0333048497653,5,0.07978485524654388,1.0,0.0,0.004204778000712395,4,164.81256866455078,6724.84228515625
1204.0666381830986,5,0.08026262372732162,1.0,0.0,0.0012368093011900783,4,164.95708007812502,6737.44140625
1204.0999715164319,5,0.08074082434177399,1.0,0.0,-0.0024726830888539553,4,165.10356903076172,6747.234375
1204.1499715164318,5,0.08145888894796371,1.0,0.0,-0.0076652225106954575,4,165.32850036621093,6757.8251953125
1204.1999715164318,5,0.08217789977788925,1.0,0.0,-0.008653923869132996,4,165.54878997802734,6762.1953125
1204.2499715164317,5,0.08289782702922821,1.0,0.0,-0.006922763306647539,4,165.76832427978516,6820.34912109375
1204.2999715164317,5,0.08361880481243134,1.0,0.0,-0.0034604454413056374,4,166.0031707763672,6767.1044921875
1204.3499715164317,5,0.08434059470891953,1.0,0.0,0.00024811094044707716,4,166.20099334716798,6804.912109375
1204.3999715164316,5,0.08506333827972412,1.0,0.0,0.0007424603682011366,4,166.43939666748048,6824.75439453125
1204.4499715164316,5,0.08578713238239288,1.0,0.0,-0.005439715925604105,4,166.6982894897461,6815.38330078125
1204.4999715164315,5,0.0865119993686676,1.0,0.0,-0.005439715459942818,4,166.94154052734376,6815.97412109375
1204.5499715164315,5,0.0872378945350647,1.0,0.0,-0.0027189215179532766,4,167.17473907470705,6825.43359375
1204.5999715164314,5,0.08796476572751999,1.0,0.0,-0.0009886986808851361,4,167.40918731689453,6830.34130859375
1204.6499715164314,5,0.08869262039661407,1.0,0.0,-0.0009886986808851361,4,167.63443450927736,6838.88232421875
1204.6999715164313,5,0.08942140638828278,1.0,0.0,-0.0014830479631200433,4,167.85211486816408,6847.16259765625
1204.7499715164313,5,0.0901511013507843,1.0,0.0,-0.0029670321382582188,4,168.0625991821289,6859.099609375
1204.7999715164312,5,0.09088169038295746,1.0,0.0,-0.0034604452084749937,4,168.2736053466797,6873.1328125
1204.8333048497645,5,0.09136923402547836,1.0,0.0,-0.00346044497564435,4,168.4252716064453,6883.86669921875
1204.8833048497645,5,0.09210137277841568,1.0,0.0,-0.0034604454413056374,4,168.6512191772461,6879.6748046875
1204.9333048497645,5,0.09283444285392761,1.0,0.0,-0.0017311586998403072,4,168.86200561523438,6903.802734375
1204.9833048497644,5,0.09356841444969177,1.0,0.0,0.0027207937091588974,4,169.0819519042969,6900.54638671875
1205.0166381830977,5,0.09405829012393951,1.0,0.0,0.006676525808870792,4,169.21926727294922,6913.49462890625
1205.0666381830977,5,0.094793900847435,1.0,0.0,0.009644493460655212,4,169.43759307861328,6929.31591796875
1205.1166381830976,5,0.09553049504756927,1.0,0.0,0.009149206802248955,4,169.6572509765625,6925.23388671875
1205.1666381830976,5,0.09626802057027817,1.0,0.0,0.009149206802248955,4,169.86751556396484,6948.6923828125
1205.1999715164309,5,0.09676023572683334,1.0,0.0,0.010138841345906258,4,170.0230270385742,6951.2841796875
1205.2499715164308,5,0.09749937057495117,1.0,0.0,0.011127542704343796,4,170.25709075927736,6948.79541015625
1205.2999715164308,5,0.09823945164680481,1.0,0.0,0.012116238474845886,4,170.46686096191408,6949.9765625
1205.3499715164307,5,0.09898041933774948,1.0,0.0,0.01434268243610859,4,170.66329650878907,6963.93701171875
1205.3999715164307,5,0.09972218424081802,1.0,0.0,0.01508420892059803,4,170.85948486328127,6972.59375
1205.433304849764,5,0.10021717846393585,1.0,0.0,0.01384739764034748,4,170.9876266479492,6985.923828125
1205.483304849764,5,0.10096033662557602,1.0,0.0,0.010138842277228832,4,171.18594360351562,7001.9990234375
1205.533304849764,5,0.10170438140630722,1.0,0.0,0.008902969770133495,4,171.39483489990235,7015.02587890625
1205.5833048497639,5,0.10244933515787125,1.0,0.0,0.010880365036427975,4,171.6116912841797,7019.53173828125
1205.6333048497638,5,0.1031952053308487,1.0,0.0,0.012858698144555092,4,171.8318298339844,7023.36474609375
1205.6833048497638,5,0.10394202917814255,1.0,0.0,0.013353049755096436,4,172.04782104492188,7024.8212890625
1205.716638183097,5,0.10444041341543198,1.0,0.0,0.013847396709024906,4,172.18788299560546,7030.37939453125
1205.766638183097,5,0.10518870502710342,1.0,0.0,0.011870002374053001,4,172.39298400878906,7035.69775390625
1205.816638183097,5,0.10593787580728531,1.0,0.0,0.011621891520917416,4,172.58998260498046,7043.79150390625
1205.866638183097,5,0.10668785870075226,1.0,0.0,0.011374713853001595,4,172.78303985595704,7053.0849609375
1205.916638183097,5,0.10743862390518188,1.0,0.0,0.012363415211439133,4,172.974284362793,7065.27685546875
1205.9666381830968,5,0.10819025337696075,1.0,0.0,0.012611526995897293,4,173.1687973022461,7076.91357421875
1205.9999715164302,5,0.10869179666042328,1.0,0.0,0.012611526995897293,4,173.2975296020508,7077.12255859375
1206.04997151643,5,0.10944472998380661,1.0,0.0,0.01434268243610859,4,173.47767791748046,7091.63525390625
1206.0833048497634,5,0.10994710773229599,1.0,0.0,0.014837032184004784,4,173.60047760009766,7111.3291015625
1206.1333048497634,5,0.11070133000612259,1.0,0.0,0.015084209851920605,4,173.80511169433595,7109.7705078125
1206.1666381830967,5,0.1112046167254448,1.0,0.0,0.014094575308263302,4,173.9414794921875,7120.1162109375
1206.2166381830966,5,0.11196034401655197,1.0,0.0,0.012363415211439133,4,174.14968414306642,7114.1572265625
1206.2666381830966,5,0.11271695047616959,1.0,0.0,0.012611526064574718,4,174.33910217285157,7125.23046875
1206.3166381830965,5,0.11347444355487823,1.0,0.0,0.013847400434315205,4,174.53667755126955,7140.888671875
1206.3666381830965,5,0.1142328754067421,1.0,0.0,0.012363415211439133,4,174.74788970947267,7139.9033203125
1206.4166381830964,5,0.11499225348234177,1.0,0.0,0.010386016219854355,4,174.94373474121093,7142.5908203125
1206.4666381830964,5,0.11575248092412949,1.0,0.0,0.012116238474845886,4,175.12521514892578,7153.0693359375
1206.5166381830963,5,0.11651352792978287,1.0,0.0,0.013105873018503189,4,175.3131088256836,7175.986328125
1206.5666381830963,5,0.11727549135684967,1.0,0.0,0.010632256977260113,4,175.52186279296876,7174.609375
1206.6166381830963,5,0.11803842335939407,1.0,0.0,0.009644493460655212,4,175.72414855957032,7179.6533203125
1206.6666381830962,5,0.11880224198102951,1.0,0.0,0.010386018082499504,4,175.91927947998047,7182.19091796875
1206.7166381830962,5,0.11956693232059479,1.0,0.0,0.011374717578291893,4,176.11873626708984,7193.99609375
1206.7666381830961,5,0.12033255398273468,1.0,0.0,0.009644492529332638,4,176.3137985229492,7189.98974609375
1206.816638183096,5,0.12109901756048203,1.0,0.0,0.007665223442018032,4,176.48936004638674,7206.36865234375
1206.866638183096,5,0.12186628580093384,1.0,0.0,0.007913333363831043,4,176.67178802490236,7219.48583984375
1206.916638183096,5,0.1226344108581543,1.0,0.0,0.006429350934922695,4,176.86448822021484,7227.43359375
1206.966638183096,5,0.1234034076333046,1.0,0.0,0.004698190838098526,4,177.05805358886718,7226.9287109375
1207.016638183096,5,0.12417327612638474,1.0,0.0,0.00420477706938982,4,177.23802337646484,7235.65625
1207.0666381830958,5,0.12494391202926636,1.0,0.0,0.00593406381085515,4,177.41054992675782,7244.11181640625
1207.1166381830958,5,0.1257152259349823,1.0,0.0,0.006676525343209505,4,177.58802032470703,7258.736328125
1207.1666381830958,5,0.1264871507883072,1.0,0.0,0.004451015032827854,4,177.76945953369142,7262.44873046875
1207.2166381830957,5,0.12725983560085297,1.0,0.0,0.0007424603682011366,4,177.9390884399414,7271.3681640625
1207.249971516429,5,0.12777535617351532,1.0,0.0,-0.0004934131866320968,4,178.05392303466797,7283.99609375
1207.299971516429,5,0.12854929268360138,1.0,0.0,-7.275957614183426e-12,4,178.2415008544922,7294.146484375
1207.349971516429,5,0.12932409346103668,1.0,0.0,-0.0032142072450369596,4,178.44105377197266,7287.0107421875
1207.3999715164289,5,0.13009938597679138,1.0,0.0,-0.003955730702728033,0,178.38358154296876,6895.4814453125
1207.4499715164288,5,0.13087396323680878,1.0,0.0,0.004698191303759813,5,178.32488708496095,6293.8828125
1207.4999715164288,5,0.1316491812467575,1.0,0.0,0.006676525808870792,5,178.506999206543,6288.97119140625
1207.5499715164287,5,0.132424995303154,1.0,0.0,0.0004943488747812808,5,178.66024475097657,6269.8193359375
1207.5999715164287,5,0.13320143520832062,1.0,0.0,-0.003214207012206316,5,178.82296600341797,6294.96337890625
1207.6499715164286,5,0.1339786797761917,0.7984190583229065,0.0,-0.009148272685706615,5,179.00216674804688,6274.64697265625
1207.6999715164286,5,0.13475638628005981,-1.4901161193847656e-08,0.0,-0.013599286787211895,5,178.95318145751955,6064.72607421875
1207.7499715164286,5,0.13553304970264435,0.0,0.0,-0.010137905366718769,5,178.4879928588867,6287.806640625
1207.7999715164285,5,0.13630764186382294,0.0,0.0,-0.005191603675484657,5,178.1912796020508,6159.1708984375
1207.8333048497618,5,0.13682332634925842,0.0,0.004004794638603926,-0.007665223907679319,5,177.931494140625,6203.0322265625
1207.8666381830951,5,0.13733822107315063,0.0,0.12382064014673233,-0.0066755893640220165,5,177.66521301269532,6191.3779296875
1207.916638183095,5,0.13810865581035614,0.0,0.3273017704486847,-0.007417112588882446,5,177.03116455078126,6153.60693359375
1207.966638183095,5,0.1388755440711975,0.0,0.5904253721237183,-0.008406746201217175,5,176.01806030273437,6112.8603515625
1208.016638183095,5,0.13963709771633148,0.0,0.7698105573654175,-0.00964262057095766,5,174.5784118652344,6052.1328125
1208.066638183095,5,0.1403917670249939,0.0,0.874687910079956,-0.008653923869132996,5,172.86847229003908,5985.171875
1208.116638183095,5,0.1411386877298355,0.0,0.9481743574142456,-0.0076652225106954575,5,170.99329833984376,5914.78076171875
1208.1666381830948,5,0.1418771892786026,0.0,0.9999998807907104,-0.00667558703571558,5,168.98796386718752,5843.00537109375
1208.2166381830948,5,0.14260686933994293,0.0,1.0,-0.003214207012206316,5,166.92882385253907,5770.19580078125
1208.2666381830948,5,0.14332768321037292,0.75,1.0,0.0019783335737884045,0,164.91493377685546,6097.7958984375
1208.3166381830947,5,0.14403986930847168,0.0,1.0,0.003956667147576809,4,162.92802886962892,6403.16650390625
1208.349971516428,5,0.14450980722904205,0.0,1.0,0.0009896350093185902,4,161.5160385131836,6438.1982421875
1208.3833048497613,5,0.14497555792331696,0.0,1.0,-0.00420290557667613,4,160.08388824462892,6389.74853515625
1208.4333048497613,5,0.14566659927368164,0.0,1.0,-0.004698190838098526,4,157.9954559326172,6313.77294921875
1208.4833048497612,5,0.14634855091571808,0.0,1.0,-0.006181240081787109,4,155.89175262451172,6219.02099609375
1208.5333048497612,5,0.14702163636684418,0.0,1.0,-0.004450081381946802,4,153.7701416015625,6156.05615234375
1208.5833048497611,5,0.14768555760383606,0.0,1.0,-0.001977398060262203,4,151.65476531982424,6068.61962890625
1208.633304849761,5,0.1483403444290161,0.0,1.0,-0.0004934128373861313,4,149.55048522949218,5999.16650390625
1208.683304849761,5,0.1489860862493515,0.0,1.0,-0.002472683321684599,4,147.45644989013672,5911.63916015625
1208.7166381830943,5,0.14941157400608063,0.0,1.0,-0.004944430198520422,4,146.068766784668,5850.3134765625
1208.7666381830943,5,0.150042325258255,0.75,1.0,-0.007170874625444412,0,144.01836090087892,6441.51171875
1208.8166381830943,5,0.15066435933113098,0.0,1.0,-0.008653922937810421,3,141.99134216308593,6621.02587890625
1208.8666381830942,5,0.15127722918987274,0.0,1.0,-0.007665223442018032,3,139.75791778564454,6667.84375
1208.9166381830942,5,0.1518804430961609,0.0,1.0,-0.005685952492058277,3,137.58730773925782,6556.19921875
1208.9666381830941,5,0.15247437357902527,0.0,1.0,-0.005439714062958956,3,135.43614349365234,6473.05224609375
1209.016638183094,5,0.1530589461326599,0.0,1.0,-0.006181239616125822,3,133.31188201904297,6371.32470703125
1209.066638183094,5,0.1536339819431305,0.0,1.0,-0.008406746201217175,3,131.1860137939453,6251.42138671875
1209.116638183094,5,0.15419922769069672,0.0,1.0,-0.011868128553032875,3,129.0756362915039,6162.10595703125
1209.166638183094,5,0.15475504100322723,0.0,1.0,-0.018297478556632996,3,127.03672485351562,6068.494140625
1209.216638183094,5,0.15530334413051605,0.0,1.0,-0.021264512091875076,3,125.01915435791015,5952.9326171875
1209.2666381830938,5,0.15584295988082886,0.75,1.0,-0.02274755761027336,0,122.87205505371094,6032.876953125
1209.2999715164271,5,0.1561984121799469,0.75,1.0,-0.02200603485107422,0,121.49680023193359,6491.7705078125
1209.349971516427,5,0.1567242294549942,0.0,1.0,-0.01928524300456047,2,119.45679016113282,6961.7568359375
1209.399971516427,5,0.15724268555641174,0.0,1.0,-0.02200603112578392,2,117.40046539306641,6853.2392578125
1209.449971516427,5,0.15775209665298462,0.0,0.9824647903442383,-0.032390184700489044,2,115.25629119873047,6791.77734375
1209.499971516427,5,0.1582537442445755,0.0,0.9566506147384644,-0.0459885373711586,2,113.23915328979493,6644.662109375
1209.549971516427,5,0.15874670445919037,0.0,0.9566506147384644,-0.060574643313884735,2,111.12390060424805,6546.646484375
1209.5999715164269,5,0.15923143923282623,0.0,0.9481744766235352,-0.07343054562807083,2,109.06202774047851,6443.462890625
1209.6499715164268,5,0.159707710146904,0.0,0.9397616386413574,-0.080353282392025,2,107.00625228881836,6342.67431640625
1209.6999715164268,5,0.16017599403858185,0.0,0.9314120411872864,-0.09271390736103058,2,105.01074371337891,6206.79541015625
1209.7499715164267,5,0.16063612699508667,0.0,0.914899468421936,-0.11693982034921646,2,103.01813278198243,6103.81494140625
1209.7999715164267,5,0.1610885113477707,0.0,0.898633599281311,-0.14759138226509094,2,101.09643859863282,6008.357421875
1209.8499715164266,5,0.16153283417224884,0.0,0.8905916810035706,-0.190349742770195,2,99.23097381591798,5894.4189453125
1209.8999715164266,5,0.1619696170091629,0.0,0.8512765169143677,-0.23854227364063263,2,97.37863082885742,5777.9052734375
1209.9499715164266,5,0.16239851713180542,0.0,0.8283864855766296,-0.2985888123512268,2,95.67684860229492,5684.09326171875
1209.9833048497599,5,0.16268126666545868,0.0,0.8208703398704529,-0.3494853675365448,2,94.51027908325196,5632.0009765625
1210.0333048497598,5,0.16309833526611328,0.0,0.7986581921577454,-0.4206322431564331,2,92.73494338989258,5519.53271484375
1210.0833048497598,5,0.16350913047790527,0.0,0.7627326250076294,-0.46385884284973145,2,91.2077133178711,5398.2578125
1210.1333048497597,5,0.163913756608963,0.0,0.7349485754966736,-0.5105363726615906,2,89.75539627075196,5381.1962890625
1210.166638183093,5,0.16417992115020752,0.0,0.7013720273971558,-0.5552337169647217,2,88.95910720825195,5322.12109375
1210.216638183093,5,0.1645767241716385,0.0,0.5904253125190735,-0.6431334614753723,2,87.79004516601563,5205.30029296875
1210.266638183093,5,0.16496743261814117,0.0,0.4266957640647888,-0.7125015258789062,2,86.57720260620117,5158.91259765625
1210.316638183093,5,0.1653537005186081,0.0,0.35049593448638916,-0.7544624209403992,2,85.56946105957032,5098.39453125
1210.3666381830928,5,0.1657359004020691,0.0,0.2839354872703552,-0.7848198413848877,2,84.68591995239258,5089.27490234375
1210.4166381830928,5,0.16611415147781372,0.0,0.19954384863376617,-0.798887312412262,2,83.94930725097656,5051.4267578125
1210.4666381830928,5,0.16649115085601807,0.0,0.11935368180274963,-0.8033289313316345,2,83.36548004150391,4976.4296875
1210.5166381830927,5,0.1668650209903717,0.0,0.04943353682756424,-0.8070298433303833,2,82.83577423095703,5020.40869140625
1210.5666381830927,5,0.16723574697971344,0.0,-5.820766091346741e-10,-0.8077715039253235,2,82.48041458129883,4952.54541015625
1210.6166381830926,5,0.16760368645191193,0.0,0.0,-0.8164076209068298,2,82.14274291992187,4951.638671875
1210.649971516426,5,0.1678478866815567,0.0,0.0,-0.8277597427368164,2,81.92489089965821,4937.4375
1210.6999715164259,5,0.1682119071483612,0.0,0.0,-0.8405922055244446,2,81.64031066894532,4903.4228515625
1210.7499715164258,5,0.1685734987258911,0.0,0.0,-0.8484880924224854,2,81.32654113769532,4901.88232421875
1210.7999715164258,5,0.16893325746059418,0.04347825050354004,0.0,-0.8524372577667236,2,81.01754379272461,4891.93896484375
1210.8499715164257,5,0.1692909449338913,0.17391303181648254,0.0,-0.8697093725204468,2,80.79583282470703,4939.71435546875
1210.8999715164257,5,0.1696474254131317,0.2490118443965912,0.0,-0.9035115242004395,2,80.67366485595703,5020.49658203125
1210.9499715164256,5,0.17000330984592438,0.3241106867790222,0.0,-0.9466874003410339,2,80.65295562744141,5026.66650390625
1210.983304849759,5,0.17024070024490356,0.3715415596961975,0.0,-0.9799894690513611,2,80.83028869628906,4892.68017578125
1211.033304849759,5,0.17059701681137085,0.4229249358177185,0.0,-1.0310496091842651,2,80.9028190612793,4976.43115234375
1211.0833048497589,5,0.17095397412776947,0.4466404318809509,0.0,-1.076184630393982,2,81.03453140258789,5000.396484375
1211.1333048497588,5,0.17131169140338898,0.45059293508529663,0.0,-1.1166282892227173,2,81.2105598449707,4981.685546875
1211.1666381830921,5,0.17155037820339203,0.45059293508529663,0.0,-1.147699236869812,2,81.3123550415039,4986.56884765625
1211.216638183092,5,0.17190979421138763,0.4545454978942871,0.0,-1.2063809633255005,2,81.46884155273438,4980.1513671875
1211.266638183092,5,0.1722700595855713,0.4545454978942871,0.0,-1.2598774433135986,2,81.58710250854493,5014.67724609375
1211.316638183092,5,0.17263062298297882,0.43478262424468994,0.0,-1.3044939041137695,2,81.70839157104493,5062.58203125
1211.366638183092,5,0.17299441993236542,0.41106730699539185,0.0,-1.3513245582580566,2,81.8413673400879,5032.6376953125
1211.416638183092,5,0.1733582317829132,0.38339924812316895,0.0,-1.3959308862686157,2,81.90948944091797,5034.35009765625
1211.4666381830918,5,0.17372116446495056,0.37154144048690796,0.0,-1.418355941772461,2,81.94393157958984,5014.8076171875
1211.5166381830918,5,0.17408156394958496,0.37154150009155273,0.0,-1.4267337322235107,2,81.9443229675293,5019.06396484375
1211.5666381830918,5,0.1744416207075119,0.37154150009155273,0.0,-1.4319078922271729,2,81.90874786376953,5064.3623046875
1211.6166381830917,5,0.17479991912841797,0.37154150009155273,0.0,-1.4363439083099365,2,81.92628479003906,5053.16845703125
1211.6666381830917,5,0.17515721917152405,0.37154150009155273,0.0,-1.4407780170440674,2,81.95074996948243,5024.31103515625
1211.699971516425,5,0.17539545893669128,0.39920955896377563,0.0,-1.4474315643310547,2,81.94325180053711,5070.82275390625
1211.749971516425,5,0.17575237154960632,0.4150197505950928,0.0,-1.4550697803497314,2,82.03812561035157,5032.720703125
1211.7999715164249,5,0.17610909044742584,0.4426877498626709,0.0,-1.4641867876052856,2,82.12279586791992,5048.8115234375
1211.8499715164248,5,0.17646636068820953,0.4664032459259033,0.0,-1.4676361083984375,2,82.1926483154297,5077.47412109375
1211.8999715164248,5,0.1768241673707962,0.4901185631752014,0.0,-1.4614760875701904,2,82.3024154663086,5103.6552734375
1211.9499715164247,5,0.17718231678009033,0.5335969924926758,0.0,-1.4590117931365967,2,82.46204681396485,5096.51708984375
1211.983304849758,5,0.17742201685905457,0.5573121309280396,0.0,-1.4587658643722534,2,82.56719970703125,5092.052734375
1212.033304849758,5,0.17778293788433075,0.5928852558135986,0.0,-1.4506349563598633,2,82.70765991210938,5171.3701171875
1212.083304849758,5,0.17814438045024872,0.667984127998352,0.0,-1.444228172302246,2,82.9485076904297,5198.7666015625
1212.133304849758,5,0.17850911617279053,0.7628457546234131,0.0,-1.4341261386871338,2,83.24043502807618,5164.14111328125
1212.1833048497579,5,0.1788756549358368,0.8498023748397827,0.0,-1.4097309112548828,2,83.52822875976562,5274.50341796875
1212.2333048497578,5,0.17924389243125916,0.9169961214065552,0.0,-1.395683765411377,2,83.97904586791992,5229.419921875
1212.2833048497578,5,0.17961429059505463,0.9604744911193848,0.0,-1.3932195901870728,2,84.39341583251954,5240.71484375
1212.3333048497577,5,0.17998571693897247,0.9881424903869629,0.0,-1.3776947259902954,2,84.72814865112305,5358.767578125
1212.3833048497577,5,0.18035770952701569,1.0,0.0,-1.3587169647216797,2,85.15237197875977,5332.07080078125
1212.4333048497576,5,0.1807299256324768,1.0,0.0,-1.3382619619369507,2,85.5662612915039,5326.79248046875
1212.466638183091,5,0.18097886443138123,1.0,0.0,-1.3222399950027466,2,85.81957168579102,5356.63232421875
1212.516638183091,5,0.18135251104831696,1.0,0.0,-1.3081912994384766,2,86.21849212646485,5359.265625
1212.5666381830908,5,0.1817265748977661,1.0,0.0,-1.3025223016738892,2,86.56629867553711,5452.11767578125
1212.6166381830908,5,0.1821019947528839,1.0,0.0,-1.2938950061798096,2,86.9958984375,5421.99658203125
1212.6666381830908,5,0.18247772753238678,1.0,0.0,-1.2889649868011475,2,87.3687744140625,5451.97314453125
1212.7166381830907,5,0.1828547567129135,1.0,0.0,-1.2741761207580566,2,87.74270095825196,5471.669921875
1212.749971516424,5,0.18310686945915222,1.0,0.0,-1.2593849897384644,2,87.97984085083009,5493.94287109375
1212.7833048497573,5,0.1833592802286148,1.0,0.0,-1.2455798387527466,2,88.21904067993164,5513.8623046875
1212.8166381830906,5,0.18361228704452515,1.0,0.0,-1.2330071926116943,2,88.47151336669923,5539.28564453125
1212.8666381830906,5,0.18399347364902496,1.0,0.0,-1.2147631645202637,2,88.89076538085938,5516.53759765625
1212.9166381830905,5,0.1843767613172531,1.0,0.0,-1.2012041807174683,2,89.28018264770508,5543.04541015625
1212.9666381830905,5,0.1847616285085678,1.0,0.0,-1.1864092350006104,2,89.67632904052735,5586.16943359375
1213.0166381830904,5,0.18514983355998993,1.0,0.0,-1.168164610862732,2,90.07101974487306,5623.52490234375
1213.0666381830904,5,0.18553988635540009,1.0,0.0,-1.1412880420684814,2,90.44691009521485,5654.24462890625
1213.1166381830903,5,0.18593256175518036,1.0,0.0,-1.101832389831543,2,90.84228744506837,5680.01953125
1213.1666381830903,5,0.18632826209068298,1.0,0.0,-1.060400128364563,2,91.25326538085938,5666.87890625
1213.2166381830903,5,0.1867257058620453,1.0,0.0,-1.023403525352478,2,91.62835922241212,5711.60986328125
1213.2666381830902,5,0.18712374567985535,1.0,0.0,-0.9871445894241333,2,92.03493576049804,5724.76806640625
1213.3166381830902,5,0.18752352893352509,1.0,0.0,-0.9533472061157227,2,92.42808151245117,5761.17041015625
1213.3666381830901,5,0.18792463839054108,1.0,0.0,-0.9091861844062805,2,92.84309005737305,5766.1953125
1213.41663818309,5,0.1883271038532257,1.0,0.0,-0.8492286205291748,2,93.23995056152344,5825.5625
1213.46663818309,5,0.188731387257576,1.0,0.0,-0.7774149775505066,2,93.67960968017579,5812.34814453125
1213.51663818309,5,0.18913710117340088,1.0,0.0,-0.7070711255073547,2,94.10192413330078,5848.03076171875
1213.56663818309,5,0.18954496085643768,1.0,0.0,-0.6431335210800171,2,94.56616516113282,5831.322265625
1213.61663818309,5,0.18995468318462372,1.0,0.0,-0.5910385251045227,2,95.00368194580078,5880.67041015625
1213.6666381830898,5,0.19036658108234406,1.0,0.0,-0.5406644940376282,2,95.46973571777345,5908.34375
1213.7166381830898,5,0.19078092277050018,1.0,0.0,-0.5001636743545532,2,95.94009475708008,5951.35498046875
1213.7666381830898,5,0.19119757413864136,1.0,0.0,-0.4547189772129059,2,96.4378646850586,5952.32470703125
1213.8166381830897,5,0.19161708652973175,1.0,0.0,-0.41396328806877136,2,96.9474380493164,5942.8798828125
1213.8666381830897,5,0.19203932583332062,1.0,0.0,-0.39247116446495056,2,97.43280029296875,5951.27734375
1213.9166381830896,5,0.19246438145637512,1.0,0.0,-0.387777715921402,2,97.90716247558593,6020.2900390625
1213.9666381830896,5,0.19289268553256989,1.0,0.0,-0.37937840819358826,2,98.43000869750976,6046.95556640625
1214.0166381830895,5,0.19332389533519745,1.0,0.0,-0.3618384301662445,2,98.9817626953125,6027.62451171875
1214.0499715164228,5,0.19361375272274017,1.0,0.0,-0.35269758105278015,2,99.31694869995117,6043.43505859375
1214.0999715164228,5,0.19405058026313782,1.0,0.0,-0.3465210795402527,2,99.81349639892578,6083.3564453125
1214.1499715164227,5,0.19448956847190857,1.0,0.0,-0.3440503180027008,2,100.32010345458984,6124.67431640625
1214.1999715164227,5,0.19493059813976288,1.0,0.0,-0.34948521852493286,2,100.83659133911134,6155.91455078125
1214.2499715164226,5,0.1953737884759903,1.0,0.0,-0.3566516041755676,2,101.35750808715821,6179.03759765625
1214.2999715164226,5,0.1958187222480774,1.0,0.0,-0.36159229278564453,2,101.86340103149415,6223.8583984375
1214.3499715164226,5,0.19626571238040924,1.0,0.0,-0.36529695987701416,2,102.38046569824219,6246.5556640625
1214.3833048497559,5,0.19656452536582947,1.0,0.0,-0.3707329332828522,2,102.71651000976563,6265.40576171875
1214.4333048497558,5,0.19701451063156128,1.0,0.0,-0.3858022689819336,2,103.2172737121582,6285.8935546875
1214.4833048497558,5,0.19746597111225128,1.0,0.0,-0.40383559465408325,2,103.69668960571289,6328.9501953125
1214.5333048497557,5,0.19791927933692932,1.0,0.0,-0.41816234588623047,2,104.17596817016602,6360.64208984375
1214.5833048497557,5,0.19837415218353271,1.0,0.0,-0.42829009890556335,2,104.65039215087891,6399.12451171875
1214.6333048497556,5,0.1988307237625122,1.0,0.0,-0.4342176020145416,2,105.12323684692383,6435.578125
1214.6833048497556,5,0.19928909838199615,1.0,0.0,-0.43594682216644287,2,105.60526885986329,6454.92333984375
1214.716638183089,5,0.199595645070076,1.0,0.0,-0.4337241053581238,2,105.91465072631836,6480.53173828125
1214.7666381830888,5,0.20005716383457184,1.0,0.0,-0.42804282903671265,2,106.38383560180664,6498.33349609375
1214.8166381830888,5,0.2005206048488617,1.0,0.0,-0.42705515027046204,2,106.85349426269532,6500.99365234375
1214.8666381830888,5,0.2009860724210739,1.0,0.0,-0.43693557381629944,2,107.28675384521485,6546.0576171875
1214.9166381830887,5,0.20145350694656372,1.0,0.0,-0.45224907994270325,2,107.70941848754883,6608.8720703125
1214.9666381830887,5,0.20192302763462067,1.0,0.0,-0.46114081144332886,2,108.1717918395996,6654.8173828125
1215.0166381830886,5,0.2023950070142746,1.0,0.0,-0.4581776261329651,2,108.6619468688965,6654.99755859375
1215.0666381830886,5,0.20286916196346283,1.0,0.0,-0.4450867176055908,2,109.10505981445313,6690.6318359375
1215.1166381830885,5,0.20334535837173462,1.0,0.0,-0.42606642842292786,2,109.56168594360352,6698.23388671875
1215.1666381830885,5,0.20382332801818848,1.0,0.0,-0.41099900007247925,2,110.01204299926758,6707.5625
1215.2166381830884,5,0.20430278778076172,1.0,0.0,-0.40754052996635437,2,110.44532318115235,6736.83642578125
1215.2666381830884,5,0.2047838419675827,1.0,0.0,-0.4080347418785095,2,110.87660522460938,6773.08251953125
1215.3166381830883,5,0.20526643097400665,1.0,0.0,-0.4117395281791687,2,111.31788482666016,6813.24853515625
1215.3666381830883,5,0.20575065910816193,1.0,0.0,-0.4107517600059509,2,111.77587051391602,6823.1796875
1215.4166381830883,5,0.20623649656772614,1.0,0.0,-0.40679994225502014,2,112.2145751953125,6854.12890625
1215.4666381830882,5,0.20672394335269928,1.0,0.0,-0.40012988448143005,2,112.65763320922852,6873.37255859375
1215.5166381830882,5,0.20721301436424255,1.0,0.0,-0.3971647620201111,2,113.08975982666016,6899.1474609375
1215.5666381830881,5,0.20770367980003357,1.0,0.0,-0.39617788791656494,2,113.51230773925782,6952.5458984375
1215.616638183088,5,0.2081959992647171,1.0,0.0,-0.3949430286884308,2,113.96242446899414,6967.4736328125
1215.666638183088,5,0.20869018137454987,1.0,0.0,-0.3900012969970703,2,114.40298309326172,7001.42431640625
1215.716638183088,5,0.2091861218214035,1.0,0.0,-0.38728436827659607,2,114.8506690979004,7007.36083984375
1215.766638183088,5,0.20968404412269592,1.0,0.0,-0.38110780715942383,2,115.27733001708985,7055.140625
1215.816638183088,5,0.210183784365654,1.0,0.0,-0.3675205707550049,2,115.71178436279297,7081.08837890625
1215.8666381830878,5,0.21068578958511353,1.0,0.0,-0.34528619050979614,2,116.16682434082031,7075.5361328125
1215.9166381830878,5,0.21118976175785065,1.0,0.0,-0.31390801072120667,2,116.58368682861328,7118.83837890625
1215.9666381830878,5,0.21169611811637878,1.0,0.0,-0.27387988567352295,2,117.01966552734375,7133.36279296875
1216.0166381830877,5,0.2122046798467636,1.0,0.0,-0.23409503698349,2,117.45965423583985,7154.16162109375
1216.0666381830877,5,0.21271580457687378,1.0,0.0,-0.19628289341926575,2,117.89653930664063,7178.6953125
1216.1166381830876,5,0.21322882175445557,1.0,0.0,-0.17008331418037415,2,118.34262542724609,7184.15234375
1216.1666381830876,5,0.21374362707138062,1.0,0.0,-0.15821987390518188,2,118.77063903808595,7207.1826171875
1216.1999715164209,5,0.21408787369728088,1.0,0.0,-0.1567358821630478,2,119.05041961669922,7230.2421875
1216.2499715164208,5,0.2146056741476059,1.0,0.0,-0.1614321917295456,2,119.47351684570313,7255.1064453125
1216.2999715164208,5,0.21512535214424133,1.0,0.0,-0.16736438870429993,2,119.89090118408204,7277.45654296875
1216.3499715164207,5,0.21564680337905884,1.0,0.0,-0.17502684891223907,2,120.29902954101563,7298.28564453125
1216.3999715164207,5,0.21617001295089722,1.0,0.0,-0.18565437197685242,2,120.692724609375,7336.59326171875
1216.4499715164206,5,0.21669499576091766,1.0,0.0,-0.1960347592830658,2,121.09108886718751,7360.224609375
1216.4999715164206,5,0.21722166240215302,1.0,0.0,-0.20073112845420837,2,121.49101867675782,7388.50439453125
1216.5499715164206,5,0.21775014698505402,1.0,0.0,-0.19900088012218475,2,121.89126434326172,7413.04248046875
1216.5999715164205,5,0.2182803601026535,1.0,0.0,-0.1940583437681198,2,122.29366607666016,7420.3603515625
1216.6333048497538,5,0.21863478422164917,1.0,0.0,-0.19084502756595612,2,122.54918060302735,7431.876953125
1216.6666381830871,5,0.21898993849754333,1.0,0.0,-0.18738459050655365,2,122.70736999511719,7044.064453125
1216.716638183087,5,0.21952249109745026,1.0,0.0,-0.1856544017791748,0,122.53270111083985,6724.6689453125
1216.766638183087,5,0.22005560994148254,1.0,0.0,-0.18689121305942535,3,123.08133087158204,5939.19091796875
1216.816638183087,5,0.220591202378273,1.0,0.0,-0.19232814013957977,3,123.38552856445312,6077.763671875
1216.8499715164203,5,0.2209489941596985,1.0,0.0,-0.19727066159248352,3,123.60897674560547,6088.30029296875
1216.8999715164202,5,0.2214871197938919,1.0,0.0,-0.19776500761508942,3,123.99583282470704,6075.10107421875
1216.9499715164202,5,0.2220270335674286,1.0,0.0,-0.19331589341163635,3,124.35199584960938,6105.7353515625
1216.9833048497535,5,0.2223878800868988,1.0,0.0,-0.1908450424671173,3,124.60124816894532,6107.4443359375
1217.0333048497534,5,0.22293077409267426,1.0,0.0,-0.182936429977417,3,124.96727142333985,6122.26171875
1217.0833048497534,5,0.22347533702850342,1.0,0.0,-0.1740381121635437,3,125.3279800415039,6139.84423828125
1217.1333048497534,5,0.22402161359786987,1.0,0.0,-0.16687098145484924,3,125.70074615478516,6163.53173828125
1217.1833048497533,5,0.22456948459148407,1.0,0.0,-0.15920856595039368,3,126.08922271728515,6177.509765625
1217.2166381830866,5,0.2249356359243393,1.0,0.0,-0.15376980602741241,3,126.35446014404297,6154.96142578125
1217.2666381830866,5,0.22548611462116241,1.0,0.0,-0.14808569848537445,3,126.69327850341797,6191.76708984375
1217.2999715164199,5,0.22585386037826538,1.0,0.0,-0.14808569848537445,3,126.92776794433594,6195.2529296875
1217.3499715164198,5,0.22640669345855713,1.0,0.0,-0.15376977622509003,3,127.26844024658203,6211.88623046875
1217.3999715164198,5,0.22696085274219513,1.0,0.0,-0.16785871982574463,3,127.60013122558594,6244.529296875
1217.4499715164197,5,0.22751641273498535,1.0,0.0,-0.18318264186382294,3,127.95102081298829,6280.11328125
1217.483304849753,5,0.2278876006603241,1.0,0.0,-0.18837328255176544,3,128.19898223876953,6292.66943359375
1217.533304849753,5,0.22844566404819489,1.0,0.0,-0.18540722131729126,3,128.58053741455078,6282.8359375
1217.583304849753,5,0.22900523245334625,1.0,0.0,-0.17181354761123657,3,128.92788391113282,6298.193359375
1217.633304849753,5,0.22956617176532745,1.0,0.0,-0.15747837722301483,3,129.26778717041017,6312.22265625
1217.6833048497529,5,0.23012852668762207,1.0,0.0,-0.15253394842147827,3,129.6049301147461,6339.63134765625
1217.7166381830862,5,0.23050417006015778,1.0,0.0,-0.15451228618621826,3,129.82828216552736,6346.21337890625
1217.7666381830861,5,0.23106889426708221,1.0,0.0,-0.15896043181419373,3,130.17117919921876,6365.20703125
1217.816638183086,5,0.23163501918315887,1.0,0.0,-0.15995009243488312,3,130.510107421875,6390.09912109375
1217.866638183086,5,0.23220272362232208,1.0,0.0,-0.15698401629924774,3,130.8568359375,6386.1884765625
1217.916638183086,5,0.23277181386947632,1.0,0.0,-0.1552537977695465,3,131.17234954833984,6414.09326171875
1217.966638183086,5,0.23334243893623352,1.0,0.0,-0.1535235047340393,3,131.5017333984375,6445.041015625
1218.016638183086,5,0.2339145988225937,1.0,0.0,-0.15550000965595245,3,131.84439697265626,6460.60205078125
1218.0666381830858,5,0.2344883531332016,1.0,0.0,-0.15525378286838531,3,132.18666229248046,6470.26806640625
1218.0999715164191,5,0.23487181961536407,1.0,0.0,-0.1552537977695465,3,132.41177215576172,6482.05078125
1218.149971516419,5,0.23544833064079285,1.0,0.0,-0.1535235494375229,3,132.75601501464845,6509.6484375
1218.199971516419,5,0.23602639138698578,1.0,0.0,-0.15203960239887238,3,133.11841278076173,6512.16552734375
1218.2333048497524,5,0.23641261458396912,1.0,0.0,-0.15080371499061584,3,133.3567886352539,6510.9501953125
1218.2833048497523,5,0.23699308931827545,1.0,0.0,-0.14858004450798035,3,133.69564819335938,6529.38330078125
1218.3166381830856,5,0.23738087713718414,1.0,0.0,-0.1468498259782791,3,133.92056579589845,6534.7275390625
1218.349971516419,5,0.237769216299057,1.0,0.0,-0.1468498259782791,3,134.13919372558595,6539.9169921875
1218.3833048497522,5,0.23815816640853882,1.0,0.0,-0.1463555097579956,3,134.35147705078126,6551.369140625
1218.4166381830855,5,0.2385476678609848,1.0,0.0,-0.14858002960681915,3,134.55791015625002,6568.302734375
1218.4666381830855,5,0.23913297057151794,1.0,0.0,-0.15253391861915588,3,134.86929016113282,6581.18212890625
1218.4999715164188,5,0.23952391743659973,1.0,0.0,-0.1545122265815735,3,135.07161712646484,6603.5498046875
1218.5499715164187,5,0.2401113510131836,1.0,0.0,-0.15772555768489838,3,135.38651275634766,6625.59130859375
1218.5999715164187,5,0.2407001405954361,1.0,0.0,-0.15920856595039368,3,135.70606384277343,6646.4833984375
1218.6499715164186,5,0.24129025638103485,1.0,0.0,-0.16316242516040802,3,136.02242889404297,6655.5234375
1218.6999715164186,5,0.24188172817230225,1.0,0.0,-0.16588228940963745,3,136.3348114013672,6692.021484375
1218.7499715164186,5,0.24247460067272186,1.0,0.0,-0.16390490531921387,3,136.67735137939454,6709.9326171875
1218.7999715164185,5,0.24306900799274445,1.0,0.0,-0.15945574641227722,3,137.03465423583984,6686.85107421875
1218.8499715164185,5,0.24366487562656403,1.0,0.0,-0.1562424749135971,3,137.347819519043,6720.31494140625
1218.8999715164184,5,0.24426215887069702,1.0,0.0,-0.15376979112625122,3,137.6791534423828,6730.802734375
1218.9499715164184,5,0.2448609173297882,1.0,0.0,-0.15203960239887238,3,138.0087844848633,6743.73193359375
1218.9999715164183,5,0.24546119570732117,1.0,0.0,-0.15154613554477692,3,138.33314208984376,6754.962890625
1219.0499715164183,5,0.24606294929981232,1.0,0.0,-0.14981591701507568,3,138.65508270263672,6774.02490234375
1219.0999715164182,5,0.24666623771190643,1.0,0.0,-0.1463554948568344,3,138.9727523803711,6780.14892578125
1219.1499715164182,5,0.2472708523273468,1.0,0.0,-0.14388372004032135,3,139.26728210449218,6799.46435546875
1219.1999715164181,5,0.24787676334381104,1.0,0.0,-0.14363564550876617,3,139.56339111328126,6845.65673828125
1219.249971516418,5,0.248483806848526,1.0,0.0,-0.14759141206741333,3,139.87750396728515,6841.92919921875
1219.2833048497514,5,0.2488892823457718,1.0,0.0,-0.15105177462100983,3,140.0894302368164,6854.4560546875
1219.3166381830847,5,0.24929536879062653,1.0,0.0,-0.14981591701507568,3,140.28538513183594,6921.40673828125
1219.349971516418,5,0.2497020661830902,1.0,0.0,-0.14437717199325562,3,140.5349533081055,6901.15185546875
1219.399971516418,5,0.25031349062919617,1.0,0.0,-0.12831076979637146,3,140.88666687011718,6864.56103515625
1219.449971516418,5,0.2509262263774872,1.0,0.0,-0.10532166808843613,3,141.18350372314453,6929.66748046875
1219.4999715164179,5,0.2515403926372528,1.0,0.0,-0.07713909447193146,3,141.54250946044922,6916.55810546875
1219.5499715164178,5,0.2521560788154602,1.0,0.0,-0.05587739124894142,3,141.8706024169922,6925.80908203125
1219.5999715164178,5,0.25277313590049744,1.0,0.0,-0.04351584613323212,3,142.1880111694336,6952.193359375
1219.6499715164177,5,0.2533915638923645,1.0,0.0,-0.03832424432039261,3,142.51966094970703,6968.23193359375
1219.683304849751,5,0.25380468368530273,1.0,0.0,-0.03758177161216736,3,142.74400177001954,6983.99365234375
1219.7166381830843,5,0.2542184591293335,1.0,0.0,-0.03857140988111496,3,142.97332763671875,6994.38623046875
1219.7666381830843,5,0.2548403739929199,1.0,0.0,-0.04079693555831909,3,143.31431579589844,6996.376953125
1219.8166381830843,5,0.25546371936798096,1.0,0.0,-0.038571424782276154,3,143.6302276611328,7014.017578125
1219.8666381830842,5,0.2560884952545166,1.0,0.0,-0.035851553082466125,3,143.9482406616211,7061.3076171875
1219.9166381830842,5,0.25671473145484924,1.0,0.0,-0.035604387521743774,3,144.31074829101564,7062.93310546875
1219.9666381830841,5,0.2573425769805908,1.0,0.0,-0.03461475670337677,3,144.66515350341797,7058.4970703125
1220.016638183084,5,0.2579719126224518,1.0,0.0,-0.029423151165246964,3,144.99070587158204,7076.97216796875
1220.066638183084,5,0.25860267877578735,1.0,0.0,-0.023241905495524406,3,145.3185241699219,7097.25634765625
1220.116638183084,5,0.2592349052429199,1.0,0.0,-0.02052205242216587,3,145.65003662109376,7115.42578125
1220.166638183084,5,0.2598685622215271,1.0,0.0,-0.02200603112578392,3,145.98062896728516,7117.5478515625
1220.216638183084,5,0.26050370931625366,1.0,0.0,-0.022994738072156906,3,146.2931900024414,7149.21142578125
1220.2666381830838,5,0.26114025712013245,1.0,0.0,-0.023489080369472504,3,146.61497955322267,7154.2236328125
1220.3166381830838,5,0.26177817583084106,1.0,0.0,-0.0247258972376585,3,146.92300872802736,7183.88232421875
1220.3666381830838,5,0.2624174654483795,1.0,0.0,-0.024725891649723053,3,147.2436721801758,7201.03515625
1220.4166381830837,5,0.2630581259727478,1.0,0.0,-0.023241912946105003,3,147.56499481201172,7207.2998046875
1220.4666381830837,5,0.2637001872062683,1.0,0.0,-0.020274875685572624,3,147.87364196777344,7238.7998046875
1220.5166381830836,5,0.26434358954429626,1.0,0.0,-0.014092700555920601,3,148.20056762695313,7246.041015625
1220.5666381830836,5,0.26498842239379883,1.0,0.0,-0.005439714528620243,3,148.53028106689453,7265.8720703125
1220.6166381830835,5,0.2656346559524536,1.0,0.0,-0.000988698797300458,3,148.85613555908205,7262.38671875
1220.6666381830835,5,0.2662822902202606,1.0,0.0,-0.0017311591655015945,3,149.15755920410157,7284.91943359375
1220.7166381830834,5,0.2669311463832855,1.0,0.0,-0.00420290557667613,3,149.463542175293,7320.59912109375
1220.7499715164167,5,0.267364501953125,1.0,0.0,-0.007170874159783125,3,149.68896789550783,7319.93701171875
1220.7999715164167,5,0.26801568269729614,1.0,0.0,-0.010632255114614964,3,150.00997467041017,7327.75341796875
1220.8499715164166,5,0.2686682939529419,1.0,0.0,-0.010137907229363918,3,150.325927734375,7343.1640625
1220.8999715164166,5,0.26932215690612793,1.0,0.0,-0.010384145192801952,3,150.64241638183594,7356.37939453125
1220.9499715164166,5,0.2699773609638214,1.0,0.0,-0.007417113520205021,0,150.85498809814453,6999.736328125
1220.9999715164165,5,0.2706325352191925,1.0,0.0,-0.005685952492058277,4,150.72024078369142,6624.625
1221.0499715164165,5,0.2712881863117218,1.0,0.0,-0.006675587967038155,4,151.13412322998047,6109.66259765625
1221.0999715164164,5,0.2719452977180481,1.0,0.0,-0.011373779736459255,4,151.3698486328125,6205.845703125
1221.1499715164164,5,0.2726036310195923,1.0,0.0,-0.014587988145649433,4,151.67349700927736,6205.3583984375
1221.1999715164163,5,0.2732633054256439,1.0,0.0,-0.01310493890196085,4,151.98983459472657,6218.61865234375
1221.2499715164163,5,0.2739246189594269,1.0,0.0,-0.008653922937810421,4,152.293620300293,6208.18017578125
1221.2999715164162,5,0.2745872139930725,1.0,0.0,-0.0027189217507839203,4,152.5599838256836,6229.0087890625
1221.3499715164162,5,0.27525094151496887,1.0,0.0,0.0034623173996806145,4,152.8399154663086,6252.82080078125
1221.3999715164161,5,0.2759159207344055,1.0,0.0,0.0024736188352108,4,153.12962493896484,6262.931640625
1221.449971516416,5,0.2765820622444153,1.0,0.0,-0.0007415239815600216,4,153.4201446533203,6279.24853515625
1221.499971516416,5,0.2772495150566101,1.0,0.0,-0.0009886986808851361,4,153.7243148803711,6293.22705078125
1221.549971516416,5,0.2779182493686676,1.0,0.0,0.0004943492822349072,4,154.01932525634766,6282.12841796875
1221.599971516416,5,0.2785881757736206,1.0,0.0,0.003709492739289999,4,154.2988998413086,6316.2763671875
1221.649971516416,5,0.2792593538761139,1.0,0.0,0.004698190372437239,4,154.60635223388672,6312.54345703125
1221.6999715164159,5,0.27993181347846985,1.0,0.0,0.0051925405859947205,4,154.89192810058594,6319.53515625
1221.7499715164158,5,0.2806054651737213,1.0,0.0,0.00692369882017374,4,155.15393829345703,6329.052734375
1221.7999715164158,5,0.28128015995025635,1.0,0.0,0.011870001442730427,4,155.39471740722658,6351.89599609375
1221.8499715164157,5,0.28195586800575256,1.0,0.0,0.014588924124836922,4,155.64870758056642,6371.77099609375
1221.8999715164157,5,0.2826327085494995,1.0,0.0,0.013353051617741585,4,155.92454681396484,6388.9072265625
1221.9499715164156,5,0.28331077098846436,1.0,0.0,0.010386016219854355,4,156.2095458984375,6381.3603515625
1221.9999715164156,5,0.28398993611335754,1.0,0.0,0.012611526064574718,4,156.46490936279298,6393.13525390625
1222.0499715164156,5,0.2846702039241791,1.0,0.0,0.016320079565048218,4,156.71337890625,6402.9052734375
1222.0999715164155,5,0.2853514850139618,1.0,0.0,0.01953522488474846,4,156.9606674194336,6419.2919921875
1222.1499715164155,5,0.2860337793827057,1.0,0.0,0.025470228865742683,4,157.20217437744142,6421.9404296875
1222.1999715164154,5,0.28671714663505554,1.0,0.0,0.031899578869342804,4,157.4354690551758,6444.94873046875
1222.2499715164154,5,0.2874014973640442,1.0,0.0,0.03931761533021927,4,157.67454528808594,6448.5869140625
1222.2999715164153,5,0.2880869209766388,1.0,0.0,0.04426298290491104,4,157.91061401367188,6479.27099609375
1222.366638183082,5,0.2890024185180664,1.0,0.0,0.04302617907524109,4,158.23538360595703,6482.91552734375
1222.416638183082,5,0.28969019651412964,1.0,0.0,0.04277995228767395,4,158.46428375244142,6508.4453125
1222.4666381830818,5,0.29037895798683167,1.0,0.0,0.0445110946893692,4,158.7224349975586,6522.251953125
1222.5166381830818,5,0.29106882214546204,1.0,0.0,0.0415431372821331,4,158.99155883789064,6523.76171875
1222.5666381830817,5,0.29175981879234314,1.0,0.0,0.041790299117565155,4,159.23729553222657,6515.83642578125
1222.6166381830817,5,0.2924518287181854,1.0,0.0,0.046242259442806244,4,159.47991485595705,6546.494140625
1222.6666381830817,5,0.29314491152763367,1.0,0.0,0.04896118491888046,4,159.75388641357424,6546.30126953125
1222.699971516415,5,0.293607622385025,1.0,0.0,0.04648849740624428,4,159.9326889038086,6534.45703125
1222.749971516415,5,0.2943026125431061,1.0,0.0,0.0435214564204216,4,160.1827377319336,6557.15869140625
1222.7999715164149,5,0.2949986457824707,1.0,0.0,0.0445110946893692,4,160.4354232788086,6544.45263671875
1222.8499715164148,5,0.2956957519054413,1.0,0.0,0.04698378965258598,4,160.65494384765626,6567.12646484375
1222.8999715164148,5,0.2963937222957611,1.0,0.0,0.051681965589523315,4,160.8608139038086,6567.14990234375
1222.9499715164147,5,0.2970925569534302,1.0,0.0,0.05539146065711975,4,161.08413848876953,6636.71826171875
1222.9999715164147,5,0.29779255390167236,1.0,0.0,0.05168197676539421,4,161.38432617187502,6599.91943359375
1223.0499715164146,5,0.29849371314048767,1.0,0.0,0.048467762768268585,4,161.6360641479492,6602.67529296875
1223.0999715164146,5,0.29919594526290894,1.0,0.0,0.05390843003988266,4,161.8696746826172,6610.50634765625
1223.1499715164146,5,0.29989907145500183,1.0,0.0,0.06825108826160431,4,162.07586059570312,6602.58056640625
1223.1833048497479,5,0.3003683090209961,1.0,0.0,0.08309000730514526,4,162.2158676147461,6678.1181640625
1223.2333048497478,5,0.3010731637477875,1.0,0.0,0.09075712412595749,4,162.54232635498047,6646.0166015625
1223.2833048497478,5,0.3017793893814087,1.0,0.0,0.08506929874420166,4,162.7950668334961,6616.72705078125
1223.316638183081,5,0.30225062370300293,1.0,0.0,0.07839087396860123,4,162.9035842895508,6650.142578125
1223.366638183081,5,0.3029578626155853,1.0,0.0,0.08383247256278992,4,163.11158294677736,6663.431640625
1223.416638183081,5,0.3036658465862274,1.0,0.0,0.087293840944767,4,163.36429595947266,6702.5380859375
1223.4499715164143,5,0.3041384816169739,1.0,0.0,0.08407966792583466,4,163.55787506103516,6639.50244140625
1223.4999715164142,5,0.3048480749130249,1.0,0.0,0.08061733841896057,4,163.73545532226564,6686.4033203125
1223.5499715164142,5,0.30555838346481323,1.0,0.0,0.08630514144897461,4,163.9397735595703,6716.01953125
1223.5999715164141,5,0.3062696158885956,1.0,0.0,0.09199300408363342,4,164.17810821533203,6711.5126953125
1223.6333048497474,5,0.30674436688423157,1.0,0.0,0.09026184678077698,4,164.33232879638672,6741.66064453125
1223.6833048497474,5,0.3074573576450348,1.0,0.0,0.08383247256278992,4,164.569743347168,6711.06005859375
1223.749971516414,5,0.30840954184532166,1.0,0.0,0.08407963067293167,4,164.85075988769532,6734.552734375
1223.799971516414,5,0.3091248869895935,1.0,0.0,0.08803629875183105,4,165.0670944213867,6757.9072265625
1223.849971516414,5,0.3098413348197937,1.0,0.0,0.0897684171795845,4,165.2983154296875,6761.75341796875
1223.8999715164139,5,0.31055888533592224,1.0,0.0,0.08877876400947571,4,165.54049530029297,6768.92822265625
1223.9499715164138,5,0.3112776279449463,1.0,0.0,0.08284284919500351,4,165.7723617553711,6755.56298828125
1223.9999715164138,5,0.3119974136352539,1.0,0.0,0.07814370840787888,4,165.97305450439453,6780.97265625
1224.0499715164137,5,0.3127182126045227,1.0,0.0,0.07938053458929062,4,166.18948516845703,6780.80224609375
1224.0999715164137,5,0.3134399354457855,1.0,0.0,0.08482116460800171,4,166.38114166259766,6790.7294921875
1224.1499715164136,5,0.3141625225543976,1.0,0.0,0.09471377730369568,4,166.58699798583984,6810.6806640625
1224.1999715164136,5,0.31488606333732605,1.0,0.0,0.10386580228805542,4,166.78571319580078,6804.91162109375
1224.2499715164136,5,0.31561049818992615,1.0,0.0,0.12192078679800034,4,166.9434768676758,6835.66015625
1224.2999715164135,5,0.3163357675075531,1.0,0.0,0.1466551274061203,4,167.13021697998047,6877.5234375
1224.3499715164135,5,0.31706175208091736,0.9762846231460571,0.0,0.16842235624790192,4,167.34398345947267,6878.0009765625
1224.3999715164134,5,0.3177884817123413,0.5691698789596558,0.0,0.17708101868629456,4,167.54534912109375,6846.24072265625
1224.4333048497467,5,0.31827330589294434,0.25691699981689453,0.0,0.18153296411037445,4,167.58108215332032,6747.57275390625
1224.4833048497467,5,0.31900012493133545,-3.725290298461914e-09,0.0,0.18796512484550476,4,167.40958557128906,6517.82373046875
1224.5333048497466,5,0.31972536444664,0.0,0.0,0.19687087833881378,4,166.8189193725586,6823.11962890625
1224.5833048497466,5,0.3204483985900879,0.0,0.0,0.20256058871746063,4,166.4686752319336,6686.9873046875
1224.6166381830799,5,0.3209294378757477,0.0,0.0,0.20750871300697327,4,166.15018157958986,6725.20703125
1224.6666381830798,5,0.321649432182312,0.0,0.0,0.2218579798936844,4,165.74061126708986,6688.68115234375
1224.7166381830798,5,0.32236766815185547,0.0,0.0,0.23793838918209076,4,165.31700592041017,6674.76953125
1224.7666381830797,5,0.3230840861797333,0.0,0.0,0.255752295255661,4,164.89099731445313,6649.513671875
1224.8166381830797,5,0.32379892468452454,0.0,0.0,0.2757936120033264,4,164.51253204345704,6622.27099609375
1224.8666381830797,5,0.32451215386390686,0.0,0.0,0.28692859411239624,4,164.0955047607422,6615.8427734375
1224.899971516413,5,0.32498663663864136,0.0,0.0,0.28841260075569153,4,163.79197998046877,6611.328125
1224.949971516413,5,0.325696736574173,0.0,0.0,0.29237207770347595,4,163.3318862915039,6595.673828125
1224.9999715164129,5,0.326404869556427,0.0,0.0,0.29954755306243896,4,162.87490997314453,6576.62744140625
1225.0499715164128,5,0.3271115720272064,0.0,0.0,0.3104358911514282,4,162.43558044433595,6554.78125
1225.0999715164128,5,0.3278168737888336,0.0,0.0,0.3252827227115631,4,161.99986267089844,6535.22314453125
1225.1499715164127,5,0.3285205662250519,0.0,0.0,0.3465651571750641,4,161.56031341552736,6514.240234375
1225.1999715164127,5,0.3292216956615448,0.0,0.0,0.370817631483078,4,161.13747711181642,6491.26611328125
1225.2499715164126,5,0.3299209475517273,0.0,0.0,0.3948250114917755,4,160.70089416503907,6476.7275390625
1225.2999715164126,5,0.33061856031417847,0.0,0.0,0.41314080357551575,4,160.22610626220703,6469.37158203125
1225.3499715164126,5,0.3313145637512207,0.0,0.0,0.43343672156333923,4,159.7244842529297,6456.861328125
1225.3833048497459,5,0.3317779004573822,0.0,0.0,0.4440802335739136,4,159.3703811645508,6446.5
1225.4333048497458,5,0.33247196674346924,0.0,0.0,0.462645947933197,4,158.8473083496094,6421.12255859375
1225.4833048497458,5,0.3331652879714966,0.0,0.0,0.4851728677749634,4,158.3705841064453,6386.431640625
1225.5333048497457,5,0.33385902643203735,0.0,0.0,0.5178511738777161,4,157.94230957031252,6346.3740234375
1225.5833048497457,5,0.334553062915802,0.0,0.0,0.5349342226982117,4,157.49329833984376,6327.72119140625
1225.616638183079,5,0.3350154757499695,0.0,0.0,0.5287451148033142,4,157.14908294677736,6326.6904296875
1225.666638183079,5,0.33570951223373413,0.0,0.0,0.5158709287643433,4,156.6394821166992,6310.9677734375
1225.6999715164122,5,0.33617204427719116,0.0,0.0,0.5158709287643433,4,156.3014877319336,6299.21435546875
1225.7499715164122,5,0.3368653655052185,0.0,0.0,0.5213170647621155,4,155.80244750976564,6280.373046875
1225.7999715164121,5,0.3375585079193115,0.0,0.0,0.5230506062507629,4,155.26016235351562,6266.8271484375
1225.849971516412,5,0.3382508456707001,0.0,0.0,0.5228025317192078,4,154.70374603271486,6244.60546875
1225.899971516412,5,0.33894169330596924,0.0,0.0,0.5359247922897339,4,154.19880065917968,6215.9130859375
1225.949971516412,5,0.33963003754615784,0.0,0.0,0.5589509010314941,4,153.68138580322267,6194.978515625
1225.999971516412,5,0.34031417965888977,0.0,0.0,0.5931208729743958,4,153.14832916259766,6175.73779296875
1226.049971516412,5,0.34099456667900085,0.0,0.0,0.6357136964797974,4,152.6013610839844,6161.783203125
1226.0999715164119,5,0.34167101979255676,0.0,0.0,0.6795490980148315,4,152.02662506103516,6145.48974609375
1226.1499715164118,5,0.34234315156936646,0.0,0.0,0.7199209332466125,4,151.43999633789062,6126.935546875
1226.1999715164118,5,0.34301140904426575,0.0,0.0,0.7650045156478882,4,150.86596069335937,6099.14794921875
1226.2499715164117,5,0.3436761796474457,0.0,0.0,0.8165336847305298,4,150.32283782958984,6084.0
1226.2999715164117,5,0.3443373739719391,0.0,0.0,0.850476861000061,4,149.72796936035158,6052.77392578125
1226.3499715164116,5,0.34499505162239075,0.0,0.0,0.8784763813018799,4,149.12219696044923,6034.6474609375
1226.3999715164116,5,0.34564974904060364,0.0,0.0,0.9181246161460876,4,148.5876708984375,6008.62890625
1226.4499715164116,5,0.3463015854358673,0.0,0.0,0.9557934999465942,4,148.0597640991211,5989.19921875
1226.4999715164115,5,0.3469509482383728,0.0,0.0,0.9964405298233032,4,147.58316345214845,5951.376953125
1226.5499715164115,5,0.3475983142852783,0.0,0.0,1.040809154510498,4,147.16483154296876,5919.96728515625
1226.5999715164114,5,0.34824344515800476,0.0,0.0,1.0740277767181396,4,146.73115997314454,5892.0888671875
1226.6499715164114,5,0.34888654947280884,0.0,0.0,1.0898939371109009,4,146.2159423828125,5903.70263671875
1226.6999715164113,5,0.3495256006717682,0.043478257954120636,0.0,1.1109673976898193,4,145.7742919921875,5871.25341796875
1226.7499715164113,5,0.3501608669757843,0.11857712268829346,0.0,1.1508852243423462,4,145.32819213867188,5885.1259765625
1226.7999715164112,5,0.3507923185825348,0.15415015816688538,0.0,1.1684906482696533,4,144.8371994018555,5854.125
1226.8499715164112,5,0.3514203727245331,0.15810281038284302,0.0,1.1600596904754639,4,144.27496032714845,5859.34033203125
1226.8999715164111,5,0.35204505920410156,0.1620553731918335,0.0,1.1538605690002441,4,143.73123321533203,5852.06689453125
1226.949971516411,5,0.3526664674282074,0.16600793600082397,0.0,1.1697299480438232,4,143.24791717529297,5826.662109375
1226.999971516411,5,0.353285014629364,0.18577072024345398,0.0,1.1999826431274414,4,142.8464080810547,5803.3916015625
1227.049971516411,5,0.3539010286331177,0.26482218503952026,0.0,1.2250298261642456,4,142.49886932373047,5816.552734375
1227.099971516411,5,0.35451459884643555,0.3596838116645813,0.0,1.231725811958313,4,142.1478286743164,5965.42578125
1227.149971516411,5,0.35512635111808777,0.38339924812316895,0.0,1.2165981531143188,4,142.04687805175783,5703.896484375
1227.1999715164109,5,0.35573670268058777,0.3873518109321594,0.0,1.2173418998718262,4,141.76126098632812,5817.60693359375
1227.2499715164108,5,0.3563455045223236,0.3873518109321594,0.0,1.2406538724899292,4,141.56604766845703,5771.806640625
1227.2833048497441,5,0.35675063729286194,0.3873518109321594,0.0,1.2607421875,4,141.4031204223633,5781.96484375
1227.333304849744,5,0.3573572039604187,0.3873518109321594,0.0,1.286785364151001,4,141.16143493652345,5766.0859375
1227.3666381830774,5,0.3577609658241272,0.3873518109321594,0.0,1.3024119138717651,4,140.988688659668,5763.361328125
1227.4166381830773,5,0.358365535736084,0.3873518109321594,0.0,1.325480341911316,4,140.74063110351562,5755.28662109375
1227.4666381830773,5,0.3589693009853363,0.3873518109321594,0.0,1.3448288440704346,4,140.49591064453125,5738.09130859375
1227.5166381830772,5,0.35957199335098267,0.3952568769454956,0.0,1.356736183166504,4,140.26045989990234,5735.55322265625
1227.5666381830772,5,0.3601739704608917,0.40316200256347656,0.0,1.3557440042495728,4,140.03968963623046,5727.30029296875
1227.6166381830772,5,0.3607751727104187,0.40316206216812134,0.0,1.3542553186416626,4,139.83929901123048,5715.89794921875
1227.666638183077,5,0.3613754212856293,0.41501981019973755,0.0,1.3602094650268555,4,139.66788482666016,5721.62353515625
1227.716638183077,5,0.36197489500045776,0.44664037227630615,0.0,1.3688921928405762,4,139.53021240234375,5733.58203125
1227.766638183077,5,0.36257365345954895,0.4624505639076233,0.0,1.3674031496047974,4,139.431884765625,5729.43505859375
1227.816638183077,5,0.3631717562675476,0.46640318632125854,0.0,1.3569843769073486,4,139.34244232177736,5728.84912109375
1227.866638183077,5,0.3637693226337433,0.470355749130249,0.0,1.3507821559906006,4,139.2489212036133,5735.05517578125
1227.9166381830769,5,0.36436641216278076,0.48616600036621094,0.0,1.343092441558838,4,139.13470458984375,5715.11376953125
1227.9666381830768,5,0.3649629056453705,0.4980236887931824,0.0,1.32796049118042,4,138.98296966552735,5696.14404296875
1228.0166381830768,5,0.365558922290802,0.5177865028381348,0.0,1.3249841928482056,4,138.82495880126953,5697.876953125
1228.0666381830767,5,0.3661545217037201,0.5494070053100586,0.0,1.320518970489502,4,138.73006439208984,5696.16845703125
1228.1166381830767,5,0.36674991250038147,0.596838116645813,0.0,1.300923228263855,4,138.6775909423828,5714.1982421875
1228.1666381830767,5,0.3673451840877533,0.6284583806991577,0.0,1.2366852760314941,4,138.5292755126953,5710.30322265625
1228.2166381830766,5,0.3679398000240326,0.6324111223220825,0.0,1.1439437866210938,4,138.28577728271486,5695.50390625
1228.2666381830766,5,0.36853325366973877,0.6324111223220825,0.0,1.068574070930481,4,137.8897201538086,5700.048828125
1228.3166381830765,5,0.3691251277923584,0.6324111223220825,0.0,1.020235538482666,4,137.42021942138672,5649.1455078125
1228.3666381830765,5,0.3697150647640228,0.6324111223220825,0.0,0.9820651412010193,4,136.90814666748048,5658.13916015625
1228.4166381830764,5,0.3703034818172455,0.6442687511444092,0.0,0.9178764224052429,4,136.44935760498046,5793.4091796875
1228.4499715164097,5,0.3706948459148407,0.6640317440032959,0.0,0.860387921333313,4,136.20603790283204,5653.01025390625
1228.4999715164097,5,0.3712809979915619,0.6956521272659302,0.0,0.7687203288078308,4,135.7145233154297,5737.66064453125
1228.5499715164096,5,0.3718664348125458,0.7035572528839111,0.0,0.6812825202941895,4,135.22234954833985,5782.23291015625
1228.5999715164096,5,0.3724513351917267,0.7114624381065369,0.0,0.593120813369751,4,134.7053192138672,5679.416015625
1228.6499715164096,5,0.3730355501174927,0.7193675637245178,0.0,0.5047303438186646,4,134.0875717163086,5679.5625
1228.6833048497429,5,0.37342357635498047,0.727272629737854,0.0,0.4257635474205017,4,133.6799514770508,5629.08642578125
1228.7166381830762,5,0.3738104999065399,0.7549408674240112,0.0,0.3440905213356018,4,133.3076934814453,5706.51171875
1228.766638183076,5,0.37438884377479553,0.8300395011901855,0.0,0.22556841373443604,4,132.7918441772461,5782.63916015625
1228.816638183076,5,0.37496495246887207,0.8893282413482666,0.0,0.0536603145301342,4,132.26763153076172,5928.43212890625
1228.866638183076,5,0.37553870677948,0.8932806849479675,0.0,-0.19529418647289276,4,131.8549301147461,5908.52099609375
1228.916638183076,5,0.3761104345321655,0.8932806849479675,0.0,-0.4265606701374054,4,131.4141036987305,5775.78857421875
1228.966638183076,5,0.3766797184944153,0.857707679271698,0.0,-0.6223950982093811,4,130.99092407226564,5657.89404296875
1229.0166381830759,5,0.3772464096546173,0.8418973684310913,0.0,-0.7238557934761047,4,130.55498657226562,5476.15673828125
1229.0666381830758,5,0.3778102397918701,0.8339921236038208,0.0,-0.7863001227378845,4,130.08050079345705,5382.49951171875
1229.1166381830758,5,0.3783712685108185,0.8260870575904846,0.0,-0.8615655899047852,4,129.73664245605468,5471.42919921875
1229.1666381830757,5,0.37892985343933105,0.8063242435455322,0.0,-0.9592679738998413,4,129.51952514648437,5482.63818359375
1229.2166381830757,5,0.37948620319366455,0.7351778745651245,0.0,-1.046095371246338,4,129.36317596435546,5397.8408203125
1229.2666381830757,5,0.38004016876220703,0.5928854942321777,0.0,-1.0875283479690552,4,129.2533950805664,5407.7705078125
1229.3166381830756,5,0.380591481924057,0.47826093435287476,0.0,-1.1013388633728027,4,129.11925201416017,5279.66162109375
1229.3666381830756,5,0.38113918900489807,0.3754940629005432,0.0,-1.1149026155471802,4,128.9001434326172,5268.22998046875
1229.4166381830755,5,0.3816831409931183,0.17786559462547302,0.0,-1.14030122756958,4,128.67609100341798,5194.78564453125
1229.4666381830755,5,0.38222289085388184,0.0,0.0,-1.1528769731521606,4,128.39440155029297,5049.36376953125
1229.4999715164088,5,0.38258054852485657,0.0,0.0,-1.146958827972412,4,128.2581024169922,4930.93701171875
1229.5499715164087,5,0.38311389088630676,0.0,0.0,-1.1079976558685303,4,127.82334594726562,5118.10595703125
1229.5999715164087,5,0.3836438059806824,0.0,0.0,-1.034996509552002,4,127.46558990478516,5151.9013671875
1229.6499715164086,5,0.384171724319458,0.0,0.0,-0.956307590007782,4,127.13148193359375,5153.87451171875
1229.6999715164086,5,0.3846988081932068,0.0,0.0,-0.8773577213287354,4,126.72924499511718,5171.42431640625
1229.7499715164086,5,0.38522639870643616,0.0,0.0,-0.8206039667129517,4,126.31213531494141,5143.4404296875
1229.7999715164085,5,0.38575416803359985,0.0,0.0,-0.782598078250885,4,125.85791931152345,5109.68359375
1229.8499715164085,5,0.386281818151474,0.0,0.0,-0.7075637578964233,4,125.37881927490234,5073.98095703125
1229.8999715164084,5,0.3868090510368347,0.0,0.0,-0.59523606300354,4,124.88679656982423,5041.046875
1229.9499715164084,5,0.3873356282711029,0.0,0.0,-0.4690439701080322,4,124.39276885986328,5001.01611328125
1229.9999715164083,5,0.38786131143569946,0.0,0.0,-0.35813263058662415,4,123.90972747802735,4961.287109375
1230.0333048497416,5,0.3882112205028534,0.0,0.0,-0.29414254426956177,4,123.58517761230469,4931.98681640625
1230.066638183075,5,0.38856062293052673,0.0,0.0,-0.24274328351020813,4,123.23817443847656,4903.7119140625
1230.1166381830749,5,0.3890838325023651,0.0,0.0,-0.16365674138069153,4,122.70040740966797,4864.84033203125
1230.1666381830748,5,0.3896056115627289,0.0,0.0,-0.10878214240074158,4,122.21051330566407,4829.4638671875
1230.1999715164081,5,0.38995274901390076,0.0,0.0,-0.07862307876348495,4,121.87511444091797,4806.84130859375
1230.249971516408,5,0.39047229290008545,0.0,0.0,-0.03535721078515053,4,121.43636169433594,4749.525390625
1230.299971516408,5,0.3909902572631836,0.0,0.0,-0.0032142065465450287,4,120.91006164550781,4708.703125
1230.349971516408,5,0.39150652289390564,0.0,0.0,0.02398623712360859,4,120.42029113769532,4666.16357421875
1230.399971516408,5,0.3920208811759949,0.0,0.0,0.03387697786092758,4,119.8324951171875,4636.2197265625
1230.449971516408,5,0.39253348112106323,0.0,0.0,0.02720138430595398,4,119.3921630859375,4576.80810546875
1230.4999715164079,5,0.3930441439151764,0.0,0.0,0.021018270403146744,4,118.84253082275391,4543.65673828125
1230.5499715164078,5,0.39355307817459106,0.0,0.0,0.04104877635836601,4,118.27941284179688,4504.3369140625
1230.5999715164078,5,0.3940596580505371,0.0,0.0,0.07764936983585358,4,117.6849838256836,4469.72705078125
1230.6499715164077,5,0.39456403255462646,0.0,0.0,0.09966006875038147,4,117.02774047851562,4447.2724609375
1230.683304849741,5,0.3948989808559418,0.0,0.0,0.11202631145715714,4,116.69205322265626,4408.82275390625
1230.7166381830743,5,0.39523303508758545,0.0,0.0,0.12711426615715027,4,116.27623443603515,4392.6552734375
1230.7666381830743,5,0.39573198556900024,0.0,0.0,0.1639695167541504,4,115.56345520019532,4374.97119140625
1230.8166381830742,5,0.3962284326553345,0.0,0.0,0.21146726608276367,4,115.02785797119141,4338.07080078125
1230.8499715164075,5,0.3965582847595215,0.0,0.0,0.23843365907669067,4,114.6035041809082,4315.08642578125
1230.8999715164075,5,0.39705029129981995,0.0,0.0,0.2814851999282837,4,113.76379165649415,4304.83056640625
1230.9499715164075,5,0.39753851294517517,0.0,0.0,0.32082808017730713,4,112.97761688232423,4288.0498046875
1230.9999715164074,5,0.3980228006839752,0.0,0.0,0.3475552797317505,4,112.20640411376954,4269.83154296875
1231.0499715164074,5,0.3985031843185425,0.0,0.0,0.3557208180427551,4,111.54348907470704,4241.86962890625
1231.0999715164073,5,0.3989804685115814,0.0,0.0,0.36735305190086365,4,110.76150970458984,4220.3896484375
1231.1333048497406,5,0.39929670095443726,0.0,0.0,0.37081772089004517,4,110.28878860473633,4204.10888671875
1231.1833048497406,5,0.3997689485549927,0.0,0.0,0.37725260853767395,4,109.79116287231446,4158.18798828125
1231.2166381830739,5,0.4000828266143799,0.0,0.0,0.38937926292419434,4,109.54173202514649,4115.97900390625
1231.2666381830738,5,0.4005514681339264,0.0,0.0,0.41363558173179626,4,108.7993995666504,4118.13818359375
1231.3166381830738,5,0.4010164439678192,0.0,0.0,0.4480411112308502,4,108.12509307861329,4110.36962890625
1231.3666381830737,5,0.40147873759269714,0.0,0.0,0.5084433555603027,4,107.64148178100587,4083.459228515625
1231.399971516407,5,0.40178540349006653,0.0,0.0,0.5500376224517822,4,107.15903778076172,4092.311767578125
1231.449971516407,5,0.4022425413131714,0.0,0.0,0.5998066663742065,4,106.55356750488282,4079.6083984375
1231.499971516407,5,0.4026969075202942,0.0,0.0,0.6463627815246582,4,105.99780349731445,4063.59130859375
1231.549971516407,5,0.4031485319137573,0.0,0.0,0.6954002380371094,4,105.55941467285156,4039.495849609375
1231.5999715164069,5,0.4035973846912384,0.0,0.0,0.7273522615432739,4,104.99247207641602,4046.732421875
1231.6499715164068,5,0.40404337644577026,0.0,0.0,0.7456824779510498,4,104.48690185546876,4032.839599609375
1231.6999715164068,5,0.4044862389564514,0.0,0.0,0.7550957202911377,4,104.03386688232422,4029.679443359375
1231.7499715164067,5,0.40492674708366394,0.0,0.0,0.7620318531990051,4,103.62719421386718,4030.658447265625
1231.7999715164067,5,0.4053642451763153,0.0,0.0,0.7667375802993774,4,103.15160293579102,4040.93408203125
1231.8499715164066,5,0.40579888224601746,0.0,0.0,0.7724356651306152,4,102.79064025878907,4028.130615234375
1231.8999715164066,5,0.4062308967113495,0.0,0.0,0.7895291447639465,4,102.4360221862793,4031.995361328125
1231.9499715164065,5,0.40665993094444275,0.0,0.0,0.8185153007507324,4,102.08983612060547,4035.183349609375
1231.9999715164065,5,0.4070858955383301,0.0,0.0,0.8425485491752625,4,101.72413558959961,4045.25927734375
1232.0333048497398,5,0.407368004322052,0.0,0.0,0.8507250547409058,4,101.49618301391602,4049.9677734375
1232.0833048497398,5,0.40778857469558716,0.0,0.0,0.8497335910797119,4,101.23555297851563,4047.17529296875
1232.1333048497397,5,0.4082064628601074,0.0,0.0,0.8390799760818481,4,100.98182373046875,4052.828857421875
1232.1833048497397,5,0.40862223505973816,0.0,0.0,0.8081096410751343,4,100.74227371215821,4057.29638671875
1232.2333048497396,5,0.4090368151664734,0.0,0.0,0.7585635781288147,4,100.5259391784668,4065.520263671875
1232.266638183073,5,0.4093132019042969,0.0,0.0,0.7271040678024292,4,100.38641967773438,4064.57421875
1232.2999715164062,5,0.4095899760723114,0.0,0.0,0.6929237246513367,4,100.2278938293457,4076.0419921875
1232.3499715164062,5,0.41000592708587646,0.0,0.0,0.6173884272575378,4,99.99198989868164,4072.019775390625
1232.3999715164061,5,0.4104231894016266,0.0,0.0,0.5052253603935242,4,99.75362091064453,4054.884765625
1232.449971516406,5,0.410841703414917,0.0,0.0,0.3695805072784424,4,99.51775131225587,4039.82763671875
1232.5166381830727,5,0.41140133142471313,0.03557312488555908,0.0,0.17064976692199707,4,99.21009979248048,4029.63818359375
1232.5666381830727,5,0.4118219316005707,0.11067192256450653,0.0,0.062316104769706726,4,99.00808868408204,4032.738525390625
1232.6166381830726,5,0.41224318742752075,0.25296443700790405,0.0,0.03536096215248108,4,98.87018966674805,4119.5927734375
1232.649971516406,5,0.41252437233924866,0.36758893728256226,0.0,0.06775674968957901,4,98.79248886108398,4273.99853515625
1232.6999715164059,5,0.41294726729393005,0.49802374839782715,0.0,0.15630140900611877,4,99.07835998535157,3979.31494140625
1232.7499715164058,5,0.41337159276008606,0.6482213735580444,0.0,0.23645350337028503,4,99.21584014892578,4099.9072265625
1232.7999715164058,5,0.4137975573539734,0.7391304969787598,0.0,0.2814851999282837,4,99.51790924072266,4072.4990234375
1232.8499715164057,5,0.4142252504825592,0.7628459930419922,0.0,0.29707300662994385,4,99.79972915649414,4089.110595703125
1232.8999715164057,5,0.4146547317504883,0.8537551164627075,0.0,0.2936088442802429,4,100.09070205688477,4102.7744140625
1232.933304849739,5,0.4149419963359833,0.9130434393882751,0.0,0.2891554832458496,4,100.29854965209961,4111.54833984375
1232.983304849739,5,0.41537439823150635,0.9565216302871704,0.0,0.2876705527305603,4,100.62384796142578,4127.99560546875
1233.033304849739,5,0.41580864787101746,0.9841896295547485,0.0,0.28668051958084106,4,100.95555267333985,4140.81201171875
1233.0833048497389,5,0.41624465584754944,1.0,0.0,0.27901017665863037,4,101.28668746948243,4151.60400390625
1233.1333048497388,5,0.41668248176574707,1.0,0.0,0.26070040464401245,4,101.61055068969726,4165.79833984375
1233.1833048497388,5,0.4171220362186432,1.0,0.0,0.24263939261436462,4,101.93012237548828,4172.404296875
1233.2333048497387,5,0.41756322979927063,1.0,0.0,0.22804200649261475,4,102.24606857299806,4187.24951171875
1233.2833048497387,5,0.41800597310066223,1.0,0.0,0.2141881138086319,4,102.56996612548828,4202.2109375
1233.3333048497386,5,0.41845032572746277,1.0,0.0,0.20157095789909363,4,102.89645233154297,4215.59814453125
1233.3833048497386,5,0.4188961684703827,1.0,0.0,0.18945001065731049,4,103.21847534179688,4226.83056640625
1233.4333048497385,5,0.4193435311317444,1.0,0.0,0.17658567428588867,4,103.53944091796875,4244.5419921875
1233.4833048497385,5,0.4197923541069031,1.0,0.0,0.16619598865509033,4,103.87147521972656,4257.56494140625
1233.5333048497384,5,0.4202427566051483,1.0,0.0,0.1595175415277481,4,104.20684661865235,4275.17578125
1233.5666381830717,5,0.4205438196659088,1.0,0.0,0.15729108452796936,4,104.43103637695313,4278.82666015625
1233.599971516405,5,0.42084550857543945,1.0,0.0,0.15778641402721405,4,104.65040588378906,4283.6982421875
1233.649971516405,5,0.4212993383407593,1.0,0.0,0.15976467728614807,4,104.97449569702148,4303.68896484375
1233.6833048497383,5,0.42160263657569885,1.0,0.0,0.16149677336215973,4,105.19593200683595,4311.48583984375
1233.7166381830716,5,0.42190662026405334,1.0,0.0,0.16347607970237732,4,105.41773223876953,4323.3330078125
1233.7666381830716,5,0.422363817691803,1.0,0.0,0.1654544174671173,4,105.76513366699218,4343.18359375
1233.8166381830715,5,0.4228225350379944,1.0,0.0,0.16471289098262787,4,106.11726608276368,4352.1748046875
1233.8666381830715,5,0.42328283190727234,1.0,0.0,0.1580335646867752,4,106.4741569519043,4362.07177734375
1233.9166381830714,5,0.4237446188926697,1.0,0.0,0.14047197997570038,4,106.8279510498047,4373.12255859375
1233.9666381830714,5,0.4242079257965088,1.0,0.0,0.1137583777308464,4,107.1729217529297,4384.595703125
1234.0166381830713,5,0.4246726930141449,1.0,0.0,0.08383246511220932,4,107.51766586303711,4395.19140625
1234.0499715164046,5,0.4249833822250366,1.0,0.0,0.06676805764436722,4,107.74881134033204,4406.86083984375
1234.0999715164046,5,0.42545053362846375,1.0,0.0,0.053166892379522324,4,108.08923645019532,4414.1533203125
1234.1499715164045,5,0.4259190857410431,1.0,0.0,0.05044610798358917,4,108.41869583129883,4430.1767578125
1234.1999715164045,5,0.4263891279697418,1.0,0.0,0.05291878059506416,4,108.75401229858399,4446.037109375
1234.2499715164045,5,0.42686060070991516,1.0,0.0,0.05737074464559555,4,109.09396362304688,4468.8515625
1234.2999715164044,5,0.42733365297317505,1.0,0.0,0.05885377526283264,4,109.44205169677734,4472.47314453125
1234.3499715164044,5,0.42780816555023193,1.0,0.0,0.06454160809516907,4,109.78070526123047,4490.92236328125
1234.3999715164043,5,0.428284227848053,1.0,0.0,0.07171343266963959,0,110.01299057006837,4313.47216796875
1234.4499715164043,5,0.4287603199481964,1.0,0.0,0.07196061313152313,0,109.91284332275391,5157.0400390625
1234.4999715164042,5,0.42923620343208313,1.0,0.0,0.06849920004606247,3,109.9515769958496,5725.1865234375
1234.5499715164042,5,0.4297139644622803,1.0,0.0,0.06503690779209137,3,110.66145172119141,5377.64404296875
1234.5833048497375,5,0.4300338327884674,1.0,0.0,0.06602557748556137,3,110.92065353393555,5435.18212890625
1234.6333048497374,5,0.4305150806903839,1.0,0.0,0.0692407563328743,3,111.33658218383789,5474.1103515625
1234.6666381830707,5,0.4308369755744934,1.0,0.0,0.07567104697227478,3,111.63432540893555,5474.73779296875
1234.7166381830707,5,0.4313213527202606,1.0,0.0,0.08482116460800171,3,112.06492080688477,5512.3837890625
1234.7666381830707,5,0.43180760741233826,1.0,0.0,0.09026183187961578,3,112.50607681274414,5541.39892578125
1234.8166381830706,5,0.4322957694530487,1.0,0.0,0.09743455797433853,3,112.97478790283203,5548.30322265625
1234.8666381830706,5,0.43278586864471436,1.0,0.0,0.10015536099672318,3,113.43433914184571,5596.7373046875
1234.9166381830705,5,0.43327808380126953,1.0,0.0,0.09792891144752502,3,113.93967590332032,5579.4580078125
1234.9666381830705,5,0.43377232551574707,1.0,0.0,0.09496095031499863,3,114.41310424804688,5600.78466796875
1235.0166381830704,5,0.43426865339279175,1.0,0.0,0.0907570943236351,3,114.88338088989258,5609.50732421875
1235.0666381830704,5,0.4347669780254364,1.0,0.0,0.08803632110357285,3,115.33333282470703,5635.04833984375
1235.1166381830703,5,0.43526723980903625,1.0,0.0,0.08803629875183105,3,115.78182220458984,5652.33837890625
1235.1666381830703,5,0.4357694387435913,1.0,0.0,0.0882834792137146,3,116.22582092285157,5681.9931640625
1235.2166381830702,5,0.43627357482910156,1.0,0.0,0.0863051488995552,3,116.68256378173828,5710.34765625
1235.2666381830702,5,0.4367797076702118,1.0,0.0,0.08556362241506577,3,117.13570861816406,5716.96337890625
1235.3166381830702,5,0.43728771805763245,1.0,0.0,0.08704759180545807,3,117.56162109375,5743.8203125
1235.36663818307,5,0.43779751658439636,1.0,0.0,0.08853160589933395,3,117.98366088867188,5781.66162109375
1235.3999715164034,5,0.43813836574554443,1.0,0.0,0.0907571017742157,3,118.27611694335938,5806.53125
1235.4499715164034,5,0.4386511743068695,1.0,0.0,0.08853159099817276,3,118.7311294555664,5841.6298828125
1235.4999715164033,5,0.4391658902168274,1.0,0.0,0.08605796098709106,3,119.21709594726563,5856.48095703125
1235.5333048497366,5,0.4395102858543396,1.0,0.0,0.08309000730514526,3,119.54501037597656,5863.3369140625
1235.5833048497366,5,0.4400285482406616,1.0,0.0,0.07913335412740707,3,120.0317596435547,5869.29931640625
1235.6333048497365,5,0.44054970145225525,1.0,0.0,0.07295021414756775,3,120.50587463378906,5884.9609375
1235.6833048497365,5,0.44107285141944885,1.0,0.0,0.06355291604995728,3,120.97162628173828,5906.25390625
1235.7166381830698,5,0.44142261147499084,1.0,0.0,0.054649949073791504,3,121.26089630126954,5902.00439453125
1235.7666381830697,5,0.44194865226745605,1.0,0.0,0.03981196880340576,3,121.67678375244141,5947.6806640625
1235.8166381830697,5,0.44247639179229736,1.0,0.0,0.02472776174545288,3,122.13871765136719,5992.75
1235.8666381830697,5,0.44300612807273865,1.0,0.0,0.004698192700743675,3,122.62748565673829,5973.61181640625
1235.9166381830696,5,0.4435376822948456,1.0,0.0,-0.014835162088274956,3,123.05301361083984,6005.08740234375
1235.9666381830696,5,0.44407108426094055,1.0,0.0,-0.02794010005891323,3,123.49482879638673,6026.05908203125
1236.0166381830695,5,0.4446062743663788,1.0,0.0,-0.03881766274571419,3,123.9243667602539,6057.97607421875
1236.0666381830695,5,0.4451432228088379,1.0,0.0,-0.04994425177574158,3,124.36145782470703,6078.86572265625
1236.1166381830694,5,0.44568198919296265,1.0,0.0,-0.06230580061674118,3,124.80809326171875,6117.98681640625
1236.1499715164027,5,0.44604218006134033,1.0,0.0,-0.06972290575504303,3,125.11834716796875,6131.9365234375
1236.1999715164027,5,0.44658416509628296,1.0,0.0,-0.08109483867883682,3,125.58566436767579,6129.80126953125
1236.2499715164026,5,0.44712814688682556,1.0,0.0,-0.09122993052005768,3,126.03118743896485,6164.86279296875
1236.2999715164026,5,0.44767406582832336,1.0,0.0,-0.10284900665283203,3,126.49147338867188,6182.38916015625
1236.3499715164025,5,0.44822201132774353,1.0,0.0,-0.1134793683886528,3,126.94729614257812,6197.87060546875
1236.3999715164025,5,0.44877204298973083,1.0,0.0,-0.12064745277166367,3,127.39483795166016,6220.17578125
1236.4333048497358,5,0.4491398334503174,1.0,0.0,-0.1238616555929184,3,127.68896942138672,6227.70654296875
1236.4833048497358,5,0.4496932327747345,1.0,0.0,-0.12905235588550568,3,128.11249237060548,6248.865234375
1236.516638183069,5,0.4500632584095001,1.0,0.0,-0.13622131943702698,3,128.39067993164062,6265.37158203125
1236.566638183069,5,0.4506198763847351,1.0,0.0,-0.1530291736125946,3,128.80593566894532,6292.6826171875
1236.616638183069,5,0.45117834210395813,1.0,0.0,-0.16711722314357758,3,129.2126220703125,6305.06591796875
1236.666638183069,5,0.4517386257648468,1.0,0.0,-0.17576833069324493,3,129.60214233398438,6340.93408203125
1236.7166381830689,5,0.4523006081581116,1.0,0.0,-0.1829363852739334,3,130.00584869384767,6393.46142578125
1236.7666381830688,5,0.45286446809768677,1.0,0.0,-0.19208002090454102,3,130.44270629882814,6377.23583984375
1236.8166381830688,5,0.45343026518821716,1.0,0.0,-0.19504603743553162,3,130.84646759033203,6406.4873046875
1236.8666381830687,5,0.4539979100227356,1.0,0.0,-0.19578854739665985,3,131.2493911743164,6417.72119140625
1236.9166381830687,5,0.4545676112174988,1.0,0.0,-0.19751878082752228,3,131.6384033203125,6438.3525390625
1236.9666381830687,5,0.45513904094696045,1.0,0.0,-0.20789819955825806,3,132.02288360595705,6477.62158203125
1236.999971516402,5,0.45552051067352295,1.0,0.0,-0.21555876731872559,3,132.289013671875,6497.34423828125
1237.049971516402,5,0.4560941457748413,1.0,0.0,-0.2266806662082672,3,132.69612579345704,6507.4853515625
1237.0999715164019,5,0.45666900277137756,1.0,0.0,-0.23384687304496765,3,133.09380340576172,6526.5810546875
1237.1499715164018,5,0.4572453498840332,1.0,0.0,-0.2373063862323761,3,133.48622131347656,6551.4677734375
1237.1999715164018,5,0.4578231871128082,1.0,0.0,-0.23977813124656677,3,133.8907653808594,6565.943359375
1237.2499715164017,5,0.4584024250507355,1.0,0.0,-0.23903661966323853,3,134.29043426513672,6582.45947265625
1237.2999715164017,5,0.45898333191871643,1.0,0.0,-0.2378017008304596,3,134.68982849121093,6594.255859375
1237.3499715164016,5,0.4595657289028168,1.0,0.0,-0.23656581342220306,3,135.0809280395508,6610.63232421875
1237.3999715164016,5,0.4601497948169708,1.0,0.0,-0.23532992601394653,3,135.4683059692383,6622.7529296875
1237.4499715164015,5,0.4607354700565338,1.0,0.0,-0.23582430183887482,3,135.84690856933594,6634.990234375
1237.4999715164015,5,0.46132272481918335,1.0,0.0,-0.23607148230075836,3,136.2194549560547,6663.48193359375
1237.5499715164015,5,0.4619115889072418,1.0,0.0,-0.23977816104888916,3,136.59542083740234,6679.458984375
1237.5999715164014,5,0.4625021517276764,1.0,0.0,-0.24373197555541992,3,136.96957397460938,6715.3701171875
1237.6499715164014,5,0.4630943834781647,1.0,0.0,-0.24546217918395996,3,137.36502685546876,6718.0947265625
1237.6999715164013,5,0.4636884033679962,1.0,0.0,-0.2447207123041153,3,137.74139099121095,6745.09033203125
1237.7499715164013,5,0.46428418159484863,1.0,0.0,-0.24447354674339294,3,138.12839813232424,6750.08544921875
1237.7999715164012,5,0.4648817181587219,1.0,0.0,-0.2427433282136917,3,138.49514923095703,6774.18701171875
1237.8499715164012,5,0.4654809832572937,1.0,0.0,-0.24249611794948578,3,138.8583984375,6778.4423828125
1237.8999715164011,5,0.4660818874835968,1.0,0.0,-0.24447354674339294,3,139.20665130615234,6817.58447265625
1237.949971516401,5,0.46668440103530884,1.0,0.0,-0.24645093083381653,3,139.57168579101562,6842.83544921875
1237.999971516401,5,0.46728864312171936,1.0,0.0,-0.24818018078804016,3,139.95208740234375,6853.1767578125
1238.049971516401,5,0.46789515018463135,1.0,0.0,-0.24200178682804108,3,140.31731414794922,6876.14404296875
1238.099971516401,5,0.4685034453868866,1.0,0.0,-0.2387903928756714,3,140.67454833984377,6872.421875
1238.149971516401,5,0.46911323070526123,1.0,0.0,-0.2452150583267212,3,141.00177612304688,6935.78076171875
1238.1999715164009,5,0.46972405910491943,1.0,0.0,-0.25509917736053467,3,141.37873077392578,6947.857421875
1238.2499715164008,5,0.47033628821372986,1.0,0.0,-0.26794958114624023,3,141.74972534179688,6964.7314453125
1238.2999715164008,5,0.47094979882240295,1.0,0.0,-0.2746204137802124,3,142.1159408569336,7002.5859375
1238.3499715164007,5,0.47156471014022827,1.0,0.0,-0.2723976969718933,3,142.5122314453125,6984.375
1238.383304849734,5,0.4719756245613098,1.0,0.0,-0.2679494619369507,3,142.75857238769532,7003.0966796875
1238.433304849734,5,0.4725930690765381,1.0,0.0,-0.2585587799549103,3,143.11950073242187,7012.4423828125
1238.4666381830673,5,0.4730056822299957,1.0,0.0,-0.2513924837112427,3,143.35569305419924,7011.0732421875
1238.5166381830672,5,0.47362589836120605,1.0,0.0,-0.2484273612499237,3,143.69688720703127,7027.49072265625
1238.5666381830672,5,0.4742477834224701,1.0,0.0,-0.25460493564605713,3,144.04717254638672,7046.69482421875
1238.6166381830672,5,0.474871426820755,1.0,0.0,-0.26696085929870605,3,144.40178375244142,7053.39111328125
1238.666638183067,5,0.4754970073699951,1.0,0.0,-0.2807987928390503,3,144.74417266845703,7071.40380859375
1238.716638183067,5,0.47612443566322327,1.0,0.0,-0.2951294183731079,3,145.0806427001953,7086.87890625
1238.766638183067,5,0.47675374150276184,1.0,0.0,-0.3077315390110016,3,145.40056457519532,7100.63232421875
1238.7999715164003,5,0.4771743416786194,1.0,0.0,-0.31489670276641846,3,145.60659942626953,7121.99853515625
1238.8499715164003,5,0.4778067469596863,1.0,0.0,-0.32626208662986755,3,145.9138595581055,7150.205078125
1238.8999715164002,5,0.47844094038009644,1.0,0.0,-0.3420746922492981,3,146.2229187011719,7175.6552734375
1238.9499715164002,5,0.4790770411491394,1.0,0.0,-0.3615921139717102,3,146.53089294433593,7216.43359375
1238.9999715164001,5,0.479714959859848,1.0,0.0,-0.37419062852859497,3,146.85519561767578,7200.03173828125
1239.0499715164,5,0.4803546071052551,1.0,0.0,-0.37616807222366333,3,147.13661041259766,7230.95068359375
1239.0999715164,5,0.48099616169929504,1.0,0.0,-0.37468498945236206,3,147.41960449218752,7224.40234375
1239.1499715164,5,0.4816391170024872,1.0,0.0,-0.3717207908630371,3,147.68802795410156,7234.15869140625
1239.1999715164,5,0.48228326439857483,1.0,0.0,-0.3766622841358185,3,147.94263610839843,7266.7099609375
1239.2499715164,5,0.4829282760620117,1.0,0.0,-0.3813559412956238,3,148.2105926513672,7277.03662109375
1239.2999715163999,5,0.48357442021369934,1.0,0.0,-0.37493300437927246,3,148.47518463134767,7289.02783203125
1239.3499715163998,5,0.48422160744667053,1.0,0.0,-0.36159223318099976,3,148.7369338989258,7290.619140625
1239.3999715163998,5,0.48486974835395813,1.0,0.0,-0.35047394037246704,3,148.98662567138672,7321.2294921875
1239.433304849733,5,0.48530247807502747,1.0,0.0,-0.34355589747428894,3,149.16211853027343,7327.134765625
1239.483304849733,5,0.4859524965286255,1.0,0.0,-0.3346623480319977,3,149.41602630615236,7323.34765625
1239.533304849733,5,0.4866035580635071,1.0,0.0,-0.3245328664779663,3,149.65304260253907,7331.73291015625
1239.5666381830663,5,0.487038254737854,1.0,0.0,-0.31786200404167175,3,149.8136215209961,7338.83935546875
1239.6166381830662,5,0.48769116401672363,1.0,0.0,-0.31217873096466064,3,150.05390625,7353.45703125
1239.6666381830662,5,0.48834535479545593,1.0,0.0,-0.3139079809188843,3,150.29814605712892,7366.8955078125
1239.7166381830662,5,0.48900091648101807,1.0,0.0,-0.31884971261024475,3,150.5409164428711,7392.03759765625
1239.7499715163995,5,0.4894387423992157,1.0,0.0,-0.31761378049850464,3,150.71555786132814,7402.81689453125
1239.7999715163994,5,0.490096777677536,1.0,0.0,-0.3077315092086792,3,150.9847640991211,7396.36181640625
1239.8499715163994,5,0.4907562732696533,1.0,0.0,-0.28326958417892456,3,151.23771057128906,7410.3681640625
1239.8999715163993,5,0.49141740798950195,1.0,0.0,-0.25040388107299805,3,151.48780059814453,7418.32421875
1239.9333048497326,5,0.49185910820961,1.0,0.0,-0.22964581847190857,3,151.65881652832033,7419.65625
1239.9833048497326,5,0.4925229847431183,1.0,0.0,-0.19603481888771057,3,151.9011474609375,7432.654296875
1240.0166381830659,5,0.49296659231185913,1.0,0.0,-0.1740380972623825,3,152.0622756958008,7429.74560546875
1240.0666381830658,5,0.4936334192752838,1.0,0.0,-0.14314129948616028,3,152.29661407470704,7439.7255859375
1240.1166381830658,5,0.49430224299430847,0.7114626169204712,0.0,-0.1270749568939209,3,152.51667022705078,7433.1025390625
1240.1666381830657,5,0.4949718713760376,0.16996051371097565,0.0,-0.11446806788444519,3,152.5828353881836,7282.5234375
1240.199971516399,5,0.4954182505607605,0.0,0.0,-0.10779344290494919,3,152.4634002685547,7070.45361328125
1240.249971516399,5,0.49608492851257324,0.0,0.0,-0.09221954643726349,3,151.81373748779296,7363.04248046875
1240.299971516399,5,0.49674883484840393,0.0,0.0,-0.07639756053686142,3,151.39370269775392,7275.68896484375
1240.349971516399,5,0.49741122126579285,0.0,0.0,-0.0707106813788414,3,150.97134704589845,7258.00537109375
1240.3999715163989,5,0.49807149171829224,0.0,0.0,-0.06922858208417892,3,150.5441848754883,7237.2958984375
1240.4499715163988,5,0.4987298548221588,0.0,0.0,-0.06675586849451065,3,150.13722381591796,7211.09716796875
1240.4999715163988,5,0.4993862211704254,0.0,0.0,-0.05711326003074646,3,149.70352478027345,7198.1318359375
1240.5499715163987,5,0.5000404119491577,0.0,0.0,-0.043763961642980576,3,149.27074584960937,7175.98486328125
1240.583304849732,5,0.5004753470420837,0.0,0.012290304526686668,-0.03486285358667374,3,148.99353332519533,7158.70947265625
1240.6166381830653,5,0.5009093880653381,0.0,0.042768701910972595,-0.028186332434415817,3,148.70394744873047,7136.537109375
1240.6666381830653,5,0.501558244228363,0.0,0.10423753410577774,-0.02076922357082367,3,148.1902267456055,7138.52490234375
1240.7166381830652,5,0.5022045969963074,0.0,0.1620790958404541,-0.01854371652007103,3,147.61222229003906,7092.96240234375
1240.7666381830652,5,0.5028477311134338,0.0,0.24430827796459198,-0.011373779736459255,3,146.92162170410157,7058.39990234375
1240.8166381830652,5,0.5034871697425842,0.0,0.31240957975387573,-0.0012358736712485552,3,146.1003387451172,7010.32373046875
1240.866638183065,5,0.5041224956512451,0.0,0.3665499985218048,0.007913333363831043,3,145.17193908691408,6965.23681640625
1240.916638183065,5,0.5047532916069031,0.0,0.4221866726875305,0.010632255114614964,3,144.15460510253908,6914.24267578125
1240.966638183065,5,0.5053789615631104,0.0,0.4785977303981781,0.009890732355415821,3,143.02854766845704,6862.16650390625
1241.016638183065,5,0.5059992074966431,0.0,0.5191319584846497,0.010138841345906258,3,141.79685668945314,6808.3642578125
1241.066638183065,5,0.5066136717796326,0.0,0.5403313636779785,0.010632256045937538,3,140.5310256958008,6743.1923828125
1241.0999715163982,5,0.5070199966430664,0.0,0.5677425265312195,0.010880366899073124,3,139.65354766845704,6704.1318359375
1241.1499715163982,5,0.5076244473457336,0.0,0.6078901886940002,0.01137471478432417,3,138.28587341308594,6633.642578125
1241.1833048497315,5,0.5080242156982422,0.0,0.6257531642913818,0.01211623940616846,3,137.36734771728516,6576.94921875
1241.2166381830648,5,0.5084213018417358,0.0,0.637887716293335,0.01607290469110012,3,136.4361328125,6517.51904296875
1241.2666381830647,5,0.5090116858482361,0.0,0.6440238952636719,0.020276755094528198,3,135.01443328857422,6426.5341796875
1241.3166381830647,5,0.5095958113670349,0.0,0.6627107262611389,0.019535228610038757,3,133.5724639892578,6344.54736328125
1241.3666381830647,5,0.5101727247238159,0.0,0.7013721466064453,0.022255081683397293,3,132.05135192871094,6296.6298828125
1241.4166381830646,5,0.5107424855232239,0.0,0.7349482774734497,0.03264109417796135,3,130.46568145751954,6251.76025390625
1241.4666381830646,5,0.5113048553466797,0.0,0.7557079792022705,0.04821965843439102,3,128.85269622802736,6187.98388671875
1241.5166381830645,5,0.511859655380249,0.0,0.762732744216919,0.057370733469724655,3,127.23461608886718,6107.50048828125
1241.5499715163978,5,0.5122255682945251,0.0,0.7913646697998047,0.06577841192483902,3,126.17980499267578,6046.3369140625
1241.5999715163978,5,0.512768030166626,0.0,0.8283864855766296,0.07665970921516418,3,124.55433654785156,5974.43896484375
1241.633304849731,5,0.5131255984306335,0.0,0.835959255695343,0.08407964557409286,3,123.42793579101563,5924.57861328125
1241.6666381830644,5,0.5134796500205994,0.0,0.835959255695343,0.09446755051612854,3,122.35262145996094,5867.923828125
1241.7166381830643,5,0.514004647731781,0.0,0.7986583113670349,0.1093064546585083,3,120.7780746459961,5806.9443359375
1241.7666381830643,5,0.5145227909088135,0.0,0.7913647890090942,0.11821034550666809,3,119.3553451538086,5731.20263671875
1241.7999715163976,5,0.5148645043373108,0.0,0.7913647890090942,0.12390004098415375,3,118.30869140625,5683.5751953125
1241.8499715163975,5,0.5153710246086121,0.75,0.7841259241104126,0.12488876283168793,0,116.74026947021484,6280.46923828125
1241.8999715163975,5,0.5158705711364746,0.0,0.7698103785514832,0.1310727596282959,2,115.26852722167969,6762.6904296875
1241.9499715163975,5,0.5163632035255432,0.0,0.7627328634262085,0.15382784605026245,2,113.61535949707032,6681.88916015625
1241.9999715163974,5,0.5168479084968567,0.0,0.762732744216919,0.18450182676315308,2,111.85510940551758,6625.6533203125
1242.0499715163974,5,0.5173248052597046,0.0,0.762732744216919,0.21765132248401642,2,110.15808563232422,6539.703125
1242.0999715163973,5,0.5177941918373108,0.0,0.762732744216919,0.2463507205247879,2,108.4927574157715,6443.5205078125
1242.1499715163973,5,0.5182607173919678,0.0,0.7487363815307617,0.2762888967990875,2,106.82637176513673,6350.83642578125
1242.1999715163972,5,0.5187225937843323,0.0,0.728131890296936,0.3074665069580078,2,105.22167434692383,6251.2099609375
1242.2499715163972,5,0.5191735625267029,0.0,0.6948068141937256,0.35349443554878235,2,103.65008010864258,6147.9384765625
1242.2999715163971,5,0.519615113735199,0.0,0.6378875970840454,0.4049728512763977,2,102.15793762207032,6055.66650390625
1242.349971516397,5,0.5200467705726624,0.0,0.5904253721237183,0.45893213152885437,2,100.77666778564453,5987.26171875
1242.3833048497304,5,0.52032870054245,0.0,0.5403313636779785,0.49309423565864563,2,99.89546813964844,5940.80859375
1242.4333048497303,5,0.5207472443580627,0.0,0.4497564733028412,0.5433517098426819,2,98.71000900268555,5876.4013671875
1242.4666381830637,5,0.5210200548171997,0.0,0.40014249086380005,0.5777689218521118,2,97.97244873046876,5842.39111328125
1242.5166381830636,5,0.5214249491691589,0.0,0.31979984045028687,0.6260548830032349,2,96.95236129760742,5788.2744140625
1242.5666381830636,5,0.521824836730957,0.0,0.23187357187271118,0.6703850030899048,2,96.08102874755859,5756.0224609375
1242.6166381830635,5,0.5222181081771851,0.0,0.14962565898895264,0.7139768600463867,2,95.37058410644532,5726.79833984375
1242.6666381830635,5,0.5226091146469116,0.0,0.08010396361351013,0.7550956606864929,2,94.80568084716798,5699.84423828125
1242.7166381830634,5,0.5229949355125427,0.0,0.03951065614819527,0.797456681728363,2,94.37040939331055,5650.3896484375
1242.7666381830634,5,0.5233791470527649,0.0,0.006725221872329712,0.8452733159065247,2,93.9542953491211,5620.33056640625
1242.8166381830633,5,0.5237608551979065,0.0,0.0,0.9039995670318604,2,93.56884689331055,5600.59228515625
1242.8666381830633,5,0.5241394639015198,0.0,0.0,0.9555460214614868,2,93.18319931030274,5601.4814453125
1242.9166381830632,5,0.5245175957679749,0.0,0.0,0.9904919862747192,2,92.80718536376953,5568.83154296875
1242.9666381830632,5,0.5248910784721375,0.0,0.0,1.019492268562317,2,92.42574691772461,5535.7734375
1242.9999715163965,5,0.5251395106315613,0.0,0.0,1.031638264656067,2,92.16206130981446,5528.923828125
1243.0499715163965,5,0.5255118608474731,0.0,0.0,1.0467586517333984,2,91.77339248657226,5500.1396484375
1243.0999715163964,5,0.5258826613426208,0.0,0.0,1.0653516054153442,2,91.368896484375,5477.4423828125
1243.1499715163964,5,0.5262526869773865,0.0,0.0,1.083200216293335,2,90.94522247314454,5476.77783203125
1243.1999715163963,5,0.5266212821006775,0.0,0.0,1.1040252447128296,2,90.54720153808594,5442.38671875
1243.2499715163963,5,0.5269880890846252,0.0,0.0,1.1268354654312134,2,90.17604217529298,5415.3525390625
1243.2999715163962,5,0.5273544192314148,0.0,0.0,1.1558446884155273,2,89.80293273925781,5392.66064453125
1243.3499715163962,5,0.5277188420295715,0.0,0.0,1.1903114318847656,2,89.42291564941407,5363.734375
1243.3999715163961,5,0.5280821323394775,0.0,0.0,1.2178386449813843,2,89.01386032104493,5344.80078125
1243.449971516396,5,0.5284444689750671,0.003952622879296541,0.0,1.2557823657989502,2,88.54589080810547,5337.505859375
1243.499971516396,5,0.5288048386573792,0.03557313233613968,0.0,1.2823212146759033,2,88.04351348876953,5330.06689453125
1243.5333048497293,5,0.5290442109107971,0.043478257954120636,0.0,1.2897617816925049,2,87.6957618713379,5367.9345703125
1243.5833048497293,5,0.5294026732444763,0.10276682674884796,0.0,1.3133254051208496,2,87.34073181152344,5262.49755859375
1243.6333048497293,5,0.5297606587409973,0.1660079061985016,0.0,1.350534439086914,2,87.0481315612793,5237.6201171875
1243.6666381830626,5,0.5299991965293884,0.1818181574344635,0.0,1.385265827178955,2,86.85184020996094,5266.25634765625
1243.7166381830625,5,0.5303581953048706,0.18972334265708923,0.0,1.445060133934021,2,86.65769119262696,5280.69384765625
1243.7666381830625,5,0.5307179689407349,0.22134390473365784,0.0,1.5031254291534424,2,86.44080047607422,5320.20263671875
1243.8166381830624,5,0.5310782194137573,0.24901187419891357,0.0,1.5232272148132324,2,86.2852409362793,5308.2490234375
1243.8666381830624,5,0.5314415097236633,0.29644274711608887,0.0,1.5182634592056274,2,86.20565872192383,5261.7333984375
1243.9166381830623,5,0.531805157661438,0.33201587200164795,0.0,1.5160304307937622,2,86.04553298950195,5336.07080078125
1243.9666381830623,5,0.5321696400642395,0.36363643407821655,0.0,1.5197525024414062,2,85.99766693115235,5301.58984375
1244.0166381830622,5,0.5325344800949097,0.37154150009155273,0.0,1.5470523834228516,2,85.96509246826172,5275.03759765625
1244.0499715163955,5,0.5327784419059753,0.37154150009155273,0.0,1.5669080018997192,2,85.93655548095704,5273.44970703125
1244.0833048497288,5,0.5330230593681335,0.3794466257095337,0.0,1.5865156650543213,2,85.90977630615235,5271.7548828125
1244.1333048497288,5,0.5333883762359619,0.4031621217727661,0.0,1.6066219806671143,2,85.86302947998047,5278.7763671875
1244.166638183062,5,0.5336325168609619,0.4229249954223633,0.0,1.6103450059890747,2,85.85608062744141,5297.82177734375
1244.1999715163954,5,0.5338774919509888,0.43873512744903564,0.0,1.614067792892456,2,85.86883850097657,5283.2333984375
1244.2333048497287,5,0.5341219305992126,0.44664037227630615,0.0,1.6180400848388672,2,85.9103874206543,5259.64111328125
1244.2833048497287,5,0.5344891548156738,0.45059287548065186,0.0,1.6202739477157593,2,85.94588012695313,5278.20703125
1244.3333048497286,5,0.5348579287528992,0.470355749130249,0.0,1.6175429821014404,2,85.98714752197266,5285.73388671875
1244.3833048497286,5,0.5352271199226379,0.5059287548065186,0.0,1.6088552474975586,2,86.06503372192383,5309.24658203125
1244.4166381830619,5,0.5354739427566528,0.5177865028381348,0.0,1.6041394472122192,2,86.15234069824218,5298.0498046875
1244.4666381830618,5,0.5358458757400513,0.5415018796920776,0.0,1.6028980016708374,2,86.27931518554688,5306.6337890625
1244.5166381830618,5,0.5362195372581482,0.5533596277236938,0.0,1.5952032804489136,2,86.39760360717774,5338.01171875
1244.5666381830617,5,0.5365946888923645,0.5573122501373291,0.0,1.58651602268219,2,86.54303512573243,5353.3310546875
1244.6166381830617,5,0.5369731783866882,0.5652173757553101,0.0,1.5835373401641846,2,86.70956039428711,5325.92138671875
1244.6666381830617,5,0.5373536944389343,0.5889327526092529,0.0,1.5825446844100952,2,86.84773406982423,5357.75732421875
1244.7166381830616,5,0.5377368330955505,0.6205532550811768,0.0,1.5800628662109375,2,87.02059020996094,5386.83642578125
1244.749971516395,5,0.5379953980445862,0.640316367149353,0.0,1.5770840644836426,2,87.1663444519043,5385.13037109375
1244.7999715163949,5,0.5383846759796143,0.6758894920349121,0.0,1.57485032081604,2,87.39074020385742,5399.5693359375
1244.8499715163948,5,0.538776159286499,0.7430828809738159,0.0,1.5691412687301636,2,87.62462539672852,5441.87841796875
1244.8833048497281,5,0.5390380024909973,0.7667986154556274,0.0,1.56368088722229,2,87.80984115600586,5477.32421875
1244.9166381830614,5,0.5393006801605225,0.778656005859375,0.0,1.5629363059997559,2,88.0287368774414,5462.6416015625
1244.9666381830614,5,0.5396955609321594,0.7944663763046265,0.0,1.5636812448501587,2,88.33969116210938,5450.3076171875
1245.0166381830613,5,0.5400897860527039,0.8102766275405884,0.0,1.5562355518341064,2,88.61454162597657,5539.76220703125
1245.0666381830613,5,0.5404857397079468,0.8458499908447266,0.0,1.5507749319076538,2,88.97325897216797,5488.02294921875
1245.0999715163946,5,0.5407489538192749,0.8695653676986694,0.0,1.5383652448654175,2,89.1900260925293,5509.10888671875
1245.1499715163945,5,0.541144609451294,0.9090907573699951,0.0,1.5185116529464722,2,89.4935302734375,5592.392578125
1245.1999715163945,5,0.5415414571762085,0.9565218687057495,0.0,1.499898910522461,2,89.8859962463379,5556.78759765625
1245.2499715163945,5,0.5419384241104126,0.9841896891593933,0.0,1.4703689813613892,2,90.22673034667969,5617.40673828125
1245.2999715163944,5,0.5423368215560913,1.0,0.0,1.4398492574691772,2,90.59843215942384,5620.29443359375
1245.3499715163944,5,0.542736291885376,1.0,0.0,1.4167746305465698,2,90.97987747192383,5647.79443359375
1245.3833048497277,5,0.543003261089325,1.0,0.0,1.4083391427993774,2,91.24050064086914,5651.7890625
1245.416638183061,5,0.5432710647583008,1.0,0.0,1.405361533164978,2,91.49952392578125,5670.31201171875
1245.466638183061,5,0.5436747074127197,1.0,0.0,1.3984148502349854,2,91.85674438476563,5749.35791015625
1245.5166381830609,5,0.5440795421600342,1.0,0.0,1.3842734098434448,2,92.25970916748047,5754.05029296875
1245.5666381830608,5,0.544487714767456,1.0,0.0,1.3522711992263794,2,92.6217155456543,5796.505859375
1245.6166381830608,5,0.5448977947235107,1.0,0.0,1.3135734796524048,2,92.99751663208008,5831.455078125
1245.6666381830607,5,0.5453096032142639,1.0,0.0,1.2905054092407227,2,93.41875305175782,5777.658203125
1245.7166381830607,5,0.5457227230072021,1.0,0.0,1.2751274108886719,2,93.74701080322266,5878.390625
1245.7666381830606,5,0.546136736869812,1.0,0.0,1.258758544921875,2,94.12081375122071,5891.56494140625
1245.8166381830606,5,0.5465505123138428,1.0,0.0,1.2423901557922363,2,94.50725784301758,5905.23486328125
1245.8666381830606,5,0.546965479850769,1.0,0.0,1.217093825340271,2,94.88824310302735,5918.01953125
1245.9166381830605,5,0.5473808646202087,1.0,0.0,1.1823770999908447,2,95.2787452697754,5917.54541015625
1245.9666381830605,5,0.5477970838546753,1.0,0.0,1.1394798755645752,2,95.6431480407715,5977.8232421875
1246.0166381830604,5,0.5482141971588135,1.0,0.0,1.0881586074829102,2,96.03922576904297,6000.25244140625
1246.0666381830604,5,0.5486322045326233,1.0,0.0,1.032629370689392,2,96.45141906738282,5999.18115234375
1246.1166381830603,5,0.5490516424179077,1.0,0.0,0.9733901023864746,2,96.8501335144043,6021.9453125
1246.1666381830603,5,0.5494719743728638,1.0,0.0,0.9163897037506104,2,97.25835800170898,6039.3486328125
1246.2166381830602,5,0.5498940944671631,1.0,0.0,0.8606355786323547,2,97.67416305541992,6066.83203125
1246.2666381830602,5,0.5503177046775818,1.0,0.0,0.8024118542671204,2,98.09322967529297,6104.24267578125
1246.3166381830601,5,0.5507431626319885,1.0,0.0,0.7399848699569702,2,98.54147872924806,6100.4453125
1246.36663818306,5,0.5511709451675415,1.0,0.0,0.6825207471847534,2,98.9737907409668,6119.48583984375
1246.3999715163934,5,0.5514571666717529,1.0,0.0,0.645867109298706,2,99.26610260009765,6134.71044921875
1246.4333048497267,5,0.5517443418502808,1.0,0.0,0.6121878623962402,2,99.5697509765625,6143.06787109375
1246.4833048497267,5,0.5521780848503113,1.0,0.0,0.5614269375801086,2,100.02989273071289,6165.0703125
1246.5333048497266,5,0.5526139140129089,1.0,0.0,0.5185933709144592,2,100.50323181152343,6177.63427734375
1246.56663818306,5,0.5529060363769531,1.0,0.0,0.49433210492134094,2,100.82000198364258,6195.89306640625
1246.6166381830599,5,0.5533460378646851,1.0,0.0,0.4581902325153351,2,101.2962043762207,6250.4296875
1246.6666381830598,5,0.5537880659103394,1.0,0.0,0.41858556866645813,2,101.79926834106446,6267.88623046875
1246.7166381830598,5,0.5542320013046265,1.0,0.0,0.3834396004676819,2,102.31592102050782,6255.59423828125
1246.7666381830597,5,0.554678201675415,1.0,0.0,0.3510189652442932,2,102.79035873413086,6296.46240234375
1246.799971516393,5,0.554976761341095,1.0,0.0,0.3334493637084961,2,103.11906967163087,6317.18115234375
1246.849971516393,5,0.5554264783859253,1.0,0.0,0.30375373363494873,2,103.6189338684082,6345.48583984375
1246.899971516393,5,0.5558781623840332,1.0,0.0,0.26614442467689514,2,104.12905654907227,6350.5205078125
1246.9333048497263,5,0.556180477142334,1.0,0.0,0.2376912236213684,2,104.45605087280273,6372.3720703125
1246.9666381830596,5,0.5564837455749512,0.7786562442779541,0.0,0.20355111360549927,2,104.78426055908203,6374.9130859375
1247.0166381830595,5,0.556939959526062,0.05928856134414673,0.0,0.14937591552734375,2,105.12888107299806,6121.58837890625
1247.0666381830595,5,0.5573965311050415,0.0,0.0,0.08952029049396515,2,105.01388854980469,5903.953125
1247.1166381830594,5,0.55785071849823,0.0,0.0,0.017556890845298767,2,104.19899826049804,6341.72314453125
1247.1499715163927,5,0.5581519603729248,0.0,0.0,-0.029175974428653717,2,103.978125,6292.37939453125
1247.1999715163927,5,0.558603048324585,0.0,0.0,-0.08529771119356155,2,103.78508834838867,6132.75927734375
1247.2499715163926,5,0.559052586555481,0.0,0.04774850606918335,-0.12386167049407959,2,103.3682258605957,6185.0576171875
1247.2999715163926,5,0.5595002174377441,0.0,0.16719302535057068,-0.1552537977695465,2,102.90279693603516,6169.2568359375
1247.3499715163925,5,0.5599455237388611,0.0,0.24430827796459198,-0.17527401447296143,2,102.29879608154297,6101.96875
1247.3833048497258,5,0.5602408647537231,0.0,0.2839354872703552,-0.1871374249458313,2,101.81153182983398,6076.9375
1247.4166381830591,5,0.5605347156524658,0.0,0.3544642925262451,-0.20097734034061432,2,101.27417678833008,6046.43115234375
1247.466638183059,5,0.560972273349762,0.0,0.4737001061439514,-0.2251976728439331,2,100.29585113525391,5983.3232421875
1247.516638183059,5,0.5614050030708313,0.0,0.5733494162559509,-0.2625126838684082,2,99.11588516235352,5906.76611328125
1247.566638183059,5,0.5618322491645813,0.0,0.6754047274589539,-0.31316742300987244,2,97.77896575927734,5809.5361328125
1247.616638183059,5,0.5622524619102478,0.0,0.7281320095062256,-0.3643101751804352,2,96.28606796264648,5722.1328125
1247.666638183059,5,0.5626648664474487,0.0,0.7487364411354065,-0.4228558838367462,2,94.74348449707031,5649.26513671875
1247.6999715163922,5,0.5629361867904663,0.0,0.7627326846122742,-0.4702796936035156,2,93.74848709106446,5578.5263671875
1247.7499715163922,5,0.5633370280265808,0.0,0.762732744216919,-0.5510367155075073,2,92.27478790283203,5480.68408203125
1247.7999715163921,5,0.5637314319610596,0.0,0.7013721466064453,-0.6468364596366882,2,90.83221435546875,5401.58056640625
1247.849971516392,5,0.564119815826416,0.0,0.6020246148109436,-0.7394059896469116,2,89.48492660522462,5313.626953125
1247.899971516392,5,0.564502477645874,0.0,0.43581628799438477,-0.8233182430267334,2,88.17946243286133,5249.57568359375
1247.949971516392,5,0.5648799538612366,0.0,0.27369117736816406,-0.8911752700805664,2,87.11989288330078,5211.39111328125
1247.999971516392,5,0.5652541518211365,0.0,0.020957909524440765,-0.9429864883422852,2,86.38612289428711,5193.955078125
1248.049971516392,5,0.5656258463859558,0.0,0.0,-0.9901040196418762,2,85.93282699584961,5175.6630859375
1248.0999715163919,5,0.5659962296485901,0.0,0.0,-1.0209373235702515,2,85.48133010864258,5182.615234375
1248.1333048497252,5,0.5662423968315125,0.0,0.0,-1.0354896783828735,2,85.2234260559082,5158.5634765625
1248.1833048497251,5,0.5666103363037109,0.11857713013887405,0.0,-1.0406690835952759,2,84.81579208374023,5142.88232421875
1248.2166381830584,5,0.5668551325798035,0.2924901247024536,0.0,-1.040421485900879,2,84.60764923095704,5234.5947265625
1248.2499715163917,5,0.5670997500419617,0.4308300018310547,0.0,-1.0406690835952759,2,84.47238006591797,5411.0419921875
1248.283304849725,5,0.5673441886901855,0.5098814964294434,0.0,-1.0406690835952759,2,84.48372344970703,5413.212890625
1248.333304849725,5,0.5677127838134766,0.5375494360923767,0.0,-1.0431362390518188,2,84.9189811706543,5139.15625
1248.383304849725,5,0.5680844783782959,0.5375494360923767,0.0,-1.0539873838424683,2,85.02649612426758,5254.68994140625
1248.4499715163915,5,0.5685820579528809,0.5375494360923767,0.0,-1.0828431844711304,2,85.28227157592774,5236.04248046875
1248.4833048497248,5,0.5688304305076599,0.5375494360923767,0.0,-1.0951735973358154,2,85.39006805419922,5255.32373046875
1248.5333048497248,5,0.5692033171653748,0.5375494360923767,0.0,-1.1156424283981323,2,85.57384185791015,5278.9111328125
1248.5833048497248,5,0.5695778727531433,0.5375494360923767,0.0,-1.146465539932251,2,85.77178115844727,5278.61181640625
1248.6333048497247,5,0.5699514746665955,0.5375494360923767,0.0,-1.1767940521240234,2,85.89123001098633,5339.166015625
1248.6833048497247,5,0.570326030254364,0.5375494360923767,0.0,-1.187889814376831,2,86.07379531860352,5306.22119140625
1248.716638183058,5,0.570576548576355,0.5098814964294434,0.0,-1.1871498823165894,2,86.16082763671875,5309.01171875
1248.766638183058,5,0.5709524750709534,0.49407124519348145,0.0,-1.1861640214920044,2,86.24806594848633,5321.94091796875
1248.8166381830579,5,0.5713292360305786,0.4703558087348938,0.0,-1.1888766288757324,2,86.33771438598633,5315.28515625
1248.8666381830578,5,0.5717079043388367,0.4466403126716614,0.0,-1.1994776725769043,2,86.4111442565918,5313.04736328125
1248.8999715163911,5,0.5719609260559082,0.43083012104034424,0.0,-1.2140238285064697,2,86.4576026916504,5298.48388671875
1248.949971516391,5,0.5723411440849304,0.4229249954223633,0.0,-1.2342393398284912,2,86.48935317993164,5307.10888671875
1248.999971516391,5,0.5727245211601257,0.4031621217727661,0.0,-1.256426453590393,2,86.52864990234376,5315.51513671875
1249.049971516391,5,0.5731085538864136,0.39920949935913086,0.0,-1.2882264852523804,2,86.57323379516602,5288.87255859375
1249.099971516391,5,0.5734949707984924,0.3913044333457947,0.0,-1.3192826509475708,2,86.56882553100586,5321.16748046875
1249.149971516391,5,0.5738829374313354,0.37154144048690796,0.0,-1.341465711593628,2,86.53433532714844,5321.89794921875
1249.1999715163909,5,0.5742709040641785,0.3596838116645813,0.0,-1.3486131429672241,2,86.46857528686523,5305.39306640625
1249.2499715163908,5,0.574659526348114,0.3557313084602356,0.0,-1.3508307933807373,2,86.37452545166016,5312.03173828125
1249.2999715163908,5,0.5750471949577332,0.3557312488555908,0.0,-1.35181725025177,2,86.28745880126954,5286.94287109375
1249.3499715163907,5,0.5754321217536926,0.3557312488555908,0.0,-1.358224868774414,2,86.21551895141602,5299.7734375
1249.3999715163907,5,0.5758143663406372,0.3557312488555908,0.0,-1.3759686946868896,2,86.17706680297852,5272.85986328125
1249.433304849724,5,0.5760690569877625,0.3557312488555908,0.0,-1.3870588541030884,2,86.15714721679687,5273.6162109375
1249.4666381830573,5,0.5763223171234131,0.3557312488555908,0.0,-1.3983954191207886,2,86.14564590454101,5263.888671875
1249.5166381830572,5,0.5767004489898682,0.3913044333457947,0.0,-1.4129343032836914,2,86.14150543212891,5263.67822265625
1249.5666381830572,5,0.577078104019165,0.4229249358177185,0.0,-1.427719235420227,2,86.1649543762207,5302.70166015625
1249.6166381830571,5,0.5774539113044739,0.43478256464004517,0.0,-1.4373291730880737,2,86.20657196044922,5298.0888671875
1249.666638183057,5,0.5778287649154663,0.45059293508529663,0.0,-1.432646632194519,2,86.21901397705078,5354.11669921875
1249.716638183057,5,0.5782034397125244,0.47826093435287476,0.0,-1.420818567276001,2,86.30359497070313,5328.43896484375
1249.766638183057,5,0.5785775184631348,0.5019763112068176,0.0,-1.4186007976531982,2,86.37487564086915,5339.1494140625
1249.816638183057,5,0.5789512991905212,0.5138338804244995,0.0,-1.4188481569290161,2,86.46451721191407,5355.7255859375
1249.866638183057,5,0.5793263912200928,0.5375493168830872,0.0,-1.4237767457962036,2,86.57247161865234,5359.86279296875
1249.9166381830569,5,0.5797008872032166,0.5494071245193481,0.0,-1.4245153665542603,2,86.7011215209961,5358.64111328125
1249.9666381830568,5,0.5800768733024597,0.5612647533416748,0.0,-1.4227914810180664,2,86.81347732543945,5382.22998046875
1250.0166381830568,5,0.5804535746574402,0.573122501373291,0.0,-1.4218058586120605,2,86.96637268066407,5374.61572265625
1250.0666381830567,5,0.5808300971984863,0.5849802494049072,0.0,-1.4218060970306396,2,87.13604965209962,5370.71142578125
1250.09997151639,5,0.5810819268226624,0.5889327526092529,0.0,-1.4220513105392456,2,87.22533416748047,5377.47607421875
1250.1333048497233,5,0.5813331604003906,0.5968378782272339,0.0,-1.4203267097473145,2,87.33072052001954,5398.12451171875
1250.1833048497233,5,0.581709623336792,0.6126481890678406,0.0,-1.4163848161697388,2,87.52227401733398,5414.90380859375
1250.2333048497233,5,0.5820845365524292,0.6284584999084473,0.0,-1.415398120880127,2,87.74142379760742,5392.8828125
1250.2666381830566,5,0.5823336243629456,0.632411003112793,0.0,-1.4146591424942017,2,87.86235580444337,5424.44384765625
1250.3166381830565,5,0.5827068090438843,0.6324111223220825,0.0,-1.4153976440429688,2,88.03210144042968,5472.80859375
1250.3666381830565,5,0.5830783247947693,0.6403161883354187,0.0,-1.4156444072723389,2,88.2693374633789,5437.9033203125
1250.4166381830564,5,0.5834490060806274,0.644268810749054,0.0,-1.4193413257598877,2,88.47984237670899,5462.99755859375
1250.4666381830564,5,0.5838192105293274,0.644268810749054,0.0,-1.4215583801269531,2,88.70889358520508,5471.5966796875
1250.5166381830563,5,0.5841881036758423,0.644268810749054,0.0,-1.4311693906784058,2,88.9372169494629,5525.5458984375
1250.5666381830563,5,0.5845565795898438,0.644268810749054,0.0,-1.4415183067321777,2,89.18751296997071,5494.626953125
1250.6166381830562,5,0.5849248170852661,0.644268810749054,0.0,-1.4368352890014648,2,89.36753768920899,5553.98779296875
1250.6666381830562,5,0.585292398929596,0.6482213735580444,0.0,-1.4245151281356812,2,89.56715927124024,5562.2958984375
1250.6999715163895,5,0.5855374932289124,0.6482213735580444,0.0,-1.4166301488876343,2,89.69582290649414,5564.03173828125
1250.7499715163895,5,0.585906445980072,0.6482213735580444,0.0,-1.4077587127685547,2,89.8553581237793,5593.5439453125
1250.7999715163894,5,0.5862751603126526,0.6482213735580444,0.0,-1.4011057615280151,2,90.05319442749024,5582.3759765625
1250.8333048497227,5,0.5865217447280884,0.6482213735580444,0.0,-1.4006130695343018,2,90.19787750244141,5571.314453125
1250.8833048497227,5,0.5868937969207764,0.6482213735580444,0.0,-1.4067728519439697,2,90.39545974731446,5568.181640625
1250.9333048497226,5,0.5872659087181091,0.6482213735580444,0.0,-1.4072664976119995,2,90.58716430664063,5613.93212890625
1250.9833048497226,5,0.5876405239105225,0.6482213735580444,0.0,-1.4038165807724,2,90.81227416992188,5615.2978515625
1251.0333048497225,5,0.5880165100097656,0.6482213735580444,0.0,-1.397655725479126,2,90.98950424194337,5648.24609375
1251.0666381830558,5,0.5882672667503357,0.6482213735580444,0.0,-1.3885374069213867,2,91.10573959350586,5672.06982421875
1251.1166381830558,5,0.5886436700820923,0.6600790023803711,0.0,-1.3769556283950806,2,91.29539794921875,5680.056640625
1251.149971516389,5,0.5888948440551758,0.675889253616333,0.0,-1.372765064239502,2,91.4485679626465,5640.44140625
1251.1833048497224,5,0.5891462564468384,0.6837944388389587,0.0,-1.374243974685669,2,91.58142013549805,5663.87841796875
1251.2166381830557,5,0.5893980860710144,0.6996046304702759,0.0,-1.3762151002883911,2,91.71088027954102,5669.60498046875
1251.249971516389,5,0.5896502137184143,0.7075098752975464,0.0,-1.3776944875717163,2,91.87429504394531,5696.76953125
1251.2833048497223,5,0.5899026393890381,0.7154150009155273,0.0,-1.3816369771957397,2,92.05826797485352,5707.08837890625
1251.3333048497223,5,0.5902820229530334,0.7391303777694702,0.0,-1.3885376453399658,2,92.3337776184082,5704.52880859375
1251.3833048497222,5,0.59066241979599,0.7628457546234131,0.0,-1.3794198036193848,2,92.54527816772462,5793.59423828125
1251.4333048497222,5,0.5910435914993286,0.7786561846733093,0.0,-1.3564999103546143,2,92.8588348388672,5763.638671875
1251.4833048497221,5,0.5914262533187866,0.7984189391136169,0.0,-1.3254451751708984,2,93.13504486083984,5796.875
1251.533304849722,5,0.5918100476264954,0.822134256362915,0.0,-1.2924165725708008,2,93.44285430908204,5799.12841796875
1251.583304849722,5,0.5921953916549683,0.8537551164627075,0.0,-1.266040563583374,2,93.7566650390625,5817.501953125
1251.6166381830553,5,0.5924533605575562,0.8577075004577637,0.0,-1.251742959022522,2,93.96037902832032,5851.33935546875
1251.6666381830553,5,0.5928412079811096,0.8695651888847351,0.0,-1.230295181274414,2,94.29551010131836,5878.40869140625
1251.7166381830552,5,0.5932312607765198,0.8774703741073608,0.0,-1.202928900718689,2,94.66914825439453,5874.34423828125
1251.7499715163885,5,0.5934923887252808,0.8853754997253418,0.0,-1.1841915845870972,2,94.88418502807617,5887.9443359375
1251.7999715163885,5,0.5938852429389954,0.9090908765792847,0.0,-1.1393150091171265,2,95.193807220459,5971.7451171875
1251.8499715163885,5,0.5942808985710144,0.9249011874198914,0.0,-1.0858018398284912,2,95.57477188110352,5945.9990234375
1251.8999715163884,5,0.5946784019470215,0.952569305896759,0.0,-1.024883508682251,2,95.92053909301758,5980.3115234375
1251.9499715163884,5,0.5950784683227539,0.9841896295547485,0.0,-0.9597613215446472,2,96.27210845947266,6006.5185546875
1251.9999715163883,5,0.595481276512146,0.9920949339866638,0.0,-0.8926554918289185,2,96.64008178710938,6028.9423828125
1252.0333048497216,5,0.5957508087158203,0.9960474371910095,0.0,-0.8425661325454712,2,96.87259368896484,6053.6103515625
1252.0833048497216,5,0.5961580872535706,1.0,0.0,-0.7569302320480347,2,97.21869049072266,6106.86572265625
1252.1333048497215,5,0.5965675711631775,1.0,0.0,-0.6589338183403015,2,97.61781005859375,6079.97509765625
1252.1833048497215,5,0.596977949142456,1.0,0.0,-0.5730125904083252,2,98.0104751586914,6072.107421875
1252.2166381830548,5,0.597251832485199,1.0,0.0,-0.5327624678611755,2,98.26603088378907,6092.19482421875
1252.2666381830547,5,0.5976641178131104,1.0,0.0,-0.4979408383369446,2,98.66394882202148,6094.6640625
1252.3166381830547,5,0.5980768799781799,1.0,0.0,-0.4841102659702301,2,99.06324005126953,6130.67333984375
1252.3666381830546,5,0.5984915494918823,1.0,0.0,-0.4828753173351288,2,99.50820693969727,6129.34228515625
1252.4166381830546,5,0.5989081263542175,1.0,0.0,-0.48633402585983276,2,99.95128555297852,6166.48388671875
1252.449971516388,5,0.599186897277832,1.0,0.0,-0.491519957780838,2,100.26217117309571,6163.86376953125
1252.4999715163879,5,0.5996072292327881,1.0,0.0,-0.49201327562332153,2,100.69168853759766,6251.935546875
1252.5499715163878,5,0.6000295877456665,1.0,0.0,-0.48460468649864197,2,101.18183670043946,6243.04833984375
1252.5999715163878,5,0.6004547476768494,1.0,0.0,-0.4853452444076538,2,101.67465591430664,6216.65478515625
1252.6499715163877,5,0.6008825898170471,1.0,0.0,-0.49868232011795044,2,102.11443176269532,6254.72802734375
1252.6999715163877,5,0.601313054561615,1.0,0.0,-0.5154752731323242,2,102.54651031494141,6314.10205078125
1252.7499715163876,5,0.6017467379570007,1.0,0.0,-0.5256001949310303,2,103.0229118347168,6317.076171875
1252.783304849721,5,0.6020375490188599,1.0,0.0,-0.5265887379646301,2,103.31723556518556,6351.4541015625
1252.8166381830542,5,0.6023296117782593,1.0,0.0,-0.5238726735115051,2,103.61363296508789,6373.1044921875
1252.8666381830542,5,0.6027706861495972,1.0,0.0,-0.5167102813720703,2,104.0764389038086,6375.265625
1252.9166381830541,5,0.6032148003578186,1.0,0.0,-0.5162167549133301,2,104.51625595092774,6404.62646484375
1252.966638183054,5,0.603662371635437,1.0,0.0,-0.5181922912597656,2,104.94368591308594,6450.3271484375
1253.016638183054,5,0.6041131019592285,1.0,0.0,-0.5199207663536072,2,105.39214782714843,6466.33935546875
1253.066638183054,5,0.6045674085617065,1.0,0.0,-0.5223904848098755,2,105.82214584350587,6503.6572265625
1253.116638183054,5,0.6050248146057129,1.0,0.0,-0.523378312587738,2,106.25671005249023,6522.75439453125
1253.1499715163873,5,0.6053313612937927,1.0,0.0,-0.5248593688011169,2,106.54947509765626,6528.1953125
1253.1999715163872,5,0.6057929396629333,1.0,0.0,-0.5337494611740112,2,106.97131576538087,6552.87890625
1253.2499715163872,5,0.6062570810317993,1.0,0.0,-0.5525178909301758,2,107.38344039916993,6595.7490234375
1253.2999715163871,5,0.606722354888916,1.0,0.0,-0.5705437064170837,2,107.80413436889648,6633.39501953125
1253.349971516387,5,0.6071900725364685,1.0,0.0,-0.5789391994476318,2,108.23389205932618,6656.31884765625
1253.399971516387,5,0.607659101486206,1.0,0.0,-0.5833837389945984,2,108.65378952026367,6676.84130859375
1253.449971516387,5,0.6081303954124451,1.0,0.0,-0.59251868724823,2,109.06882553100586,6689.62353515625
1253.499971516387,5,0.6086030602455139,1.0,0.0,-0.6088154315948486,2,109.45960922241211,6733.328125
1253.549971516387,5,0.6090778708457947,1.0,0.0,-0.6298009157180786,2,109.87176818847657,6747.39453125
1253.5999715163869,5,0.6095544695854187,1.0,0.0,-0.6530081033706665,2,110.27058563232423,6786.69970703125
1253.6333048497202,5,0.6098732948303223,1.0,0.0,-0.664612352848053,2,110.53313827514648,6816.4140625
1253.6833048497201,5,0.6103532910346985,1.0,0.0,-0.6772014498710632,2,110.93852005004884,6844.111328125
1253.7166381830534,5,0.6106743216514587,1.0,0.0,-0.6801636815071106,2,111.20770568847657,6863.330078125
1253.7666381830534,5,0.6111579537391663,1.0,0.0,-0.6811516880989075,2,111.60508804321289,6884.60693359375
1253.8166381830533,5,0.6116434931755066,1.0,0.0,-0.6757204532623291,2,111.98910140991211,6904.119140625
1253.8666381830533,5,0.6121317148208618,1.0,0.0,-0.6710295677185059,2,112.36955108642579,6912.30908203125
1253.9166381830532,5,0.6126219630241394,1.0,0.0,-0.6688087582588196,2,112.74605255126953,6924.2421875
1253.9666381830532,5,0.6131154298782349,1.0,0.0,-0.6702888607978821,2,113.12729187011719,6943.27099609375
1254.0166381830531,5,0.6136109828948975,1.0,0.0,-0.6774477958679199,2,113.50190505981446,6971.244140625
1254.066638183053,5,0.6141084432601929,1.0,0.0,-0.6816450357437134,2,113.87805633544922,7010.748046875
1254.116638183053,5,0.6146075129508972,1.0,0.0,-0.6801637411117554,2,114.27116088867187,7029.72705078125
1254.166638183053,5,0.6151067018508911,1.0,0.0,-0.6769541501998901,2,114.65880661010742,7047.7978515625
1254.216638183053,5,0.6156073808670044,1.0,0.0,-0.6695494651794434,2,115.03171691894532,7078.3369140625
1254.266638183053,5,0.6161083579063416,1.0,0.0,-0.6572054624557495,2,115.41362915039063,7094.4326171875
1254.3166381830529,5,0.6166108846664429,1.0,0.0,-0.6515269875526428,2,115.80386352539062,7097.2021484375
1254.3666381830528,5,0.6171140074729919,1.0,0.0,-0.6527612209320068,2,116.13764190673828,7173.677734375
1254.3999715163861,5,0.6174502372741699,1.0,0.0,-0.6493052244186401,2,116.38348846435547,7190.88134765625
1254.449971516386,5,0.6179553270339966,1.0,0.0,-0.6401702165603638,2,116.78374786376953,7169.462890625
1254.499971516386,5,0.6184619665145874,1.0,0.0,-0.6270859837532043,2,117.13818054199218,7196.244140625
1254.549971516386,5,0.618969738483429,1.0,0.0,-0.6100493669509888,2,117.4841537475586,7226.076171875
1254.599971516386,5,0.6194791793823242,1.0,0.0,-0.5944944024085999,2,117.85074005126954,7231.0517578125
1254.6333048497193,5,0.6198197603225708,1.0,0.0,-0.5873337984085083,2,118.09070892333985,7238.638671875
1254.6833048497192,5,0.620331883430481,1.0,0.0,-0.5821489095687866,2,118.43485565185547,7278.07275390625
1254.7166381830525,5,0.6206744909286499,1.0,0.0,-0.5769639015197754,2,118.66451110839844,7296.32958984375
1254.7666381830525,5,0.621189534664154,1.0,0.0,-0.5695557594299316,2,119.02197875976563,7300.02099609375
1254.8166381830524,5,0.6217072010040283,1.0,0.0,-0.5641236901283264,2,119.37918548583984,7300.93310546875
1254.8666381830524,5,0.6222265958786011,1.0,0.0,-0.5628889203071594,2,119.72555694580079,7328.51953125
1254.9166381830523,5,0.6227485537528992,1.0,0.0,-0.5680747628211975,2,120.05539398193359,7375.62451171875
1254.9666381830523,5,0.6232713460922241,1.0,0.0,-0.5720250010490417,2,120.39150695800781,7418.44873046875
1254.9999715163856,5,0.6236202120780945,1.0,0.0,-0.5695558786392212,2,120.62525482177735,7430.9892578125
1255.0499715163855,5,0.624144434928894,1.0,0.0,-0.5663464069366455,2,120.97293090820312,7437.86083984375
1255.0999715163855,5,0.6246696710586548,1.0,0.0,-0.5616546869277954,2,121.26693878173829,7449.47021484375
1255.1333048497188,5,0.6250202059745789,1.0,0.0,-0.5586916208267212,0,121.37794189453125,7099.576171875
1255.166638183052,5,0.625370442867279,1.0,0.0,-0.5544933676719666,0,121.2661834716797,6839.951171875
1255.216638183052,5,0.6258952021598816,1.0,0.0,-0.5411590933799744,3,121.43702087402345,6139.09423828125
1255.266638183052,5,0.6264212727546692,1.0,0.0,-0.5186867713928223,3,121.87477111816406,6110.50634765625
1255.316638183052,5,0.6269484162330627,1.0,0.0,-0.48781508207321167,3,122.19738464355468,6139.8759765625
1255.366638183052,5,0.6274766325950623,1.0,0.0,-0.4438517689704895,3,122.51872100830079,6129.234375
1255.4166381830519,5,0.6280059814453125,1.0,0.0,-0.39024949073791504,3,122.81296234130859,6136.8369140625
1255.4499715163852,5,0.6283595561981201,1.0,0.0,-0.3475097417831421,3,123.00350646972656,6138.1640625
1255.4999715163851,5,0.6288909912109375,1.0,0.0,-0.2751148045063019,3,123.28993377685548,6136.71875
1255.549971516385,5,0.6294236779212952,1.0,0.0,-0.2024613469839096,3,123.59078063964844,6144.47802734375
1255.599971516385,5,0.629957914352417,1.0,0.0,-0.13819782435894012,3,123.90029296875001,6168.1787109375
1255.649971516385,5,0.6304935812950134,1.0,0.0,-0.07466736435890198,3,124.2341812133789,6198.75341796875
1255.699971516385,5,0.631031334400177,1.0,0.0,0.0034623178653419018,3,124.62057037353516,6174.578125
1255.749971516385,5,0.6315709352493286,1.0,0.0,0.07344457507133484,3,125.00686340332031,6168.56689453125
1255.7999715163849,5,0.6321129202842712,1.0,0.0,0.12637273967266083,3,125.37857208251954,6232.46923828125
1255.8499715163848,5,0.6326571106910706,1.0,0.0,0.17559608817100525,3,125.84076690673828,6232.1689453125
1255.8833048497181,5,0.6330215930938721,1.0,0.0,0.20181900262832642,3,126.17898101806641,6170.73291015625
1255.933304849718,5,0.6335701942443848,1.0,0.0,0.2332383096218109,3,126.62035675048828,6189.9921875
1255.983304849718,5,0.634120762348175,1.0,0.0,0.250804603099823,3,127.04934539794922,6199.8134765625
1256.0499715163846,5,0.6348574161529541,1.0,0.0,0.2512980103492737,3,127.59842834472657,6243.41845703125
1256.0999715163846,5,0.6354119777679443,1.0,0.0,0.24832910299301147,3,127.99989624023438,6251.63427734375
1256.1499715163845,5,0.6359680891036987,1.0,0.0,0.25896841287612915,3,128.3683639526367,6270.00146484375
1256.1999715163845,5,0.6365257501602173,1.0,0.0,0.28643330931663513,3,128.73155822753907,6314.5048828125
1256.2499715163844,5,0.6370850205421448,1.0,0.0,0.31785860657691956,3,129.1208038330078,6361.43359375
1256.2833048497178,5,0.6374589204788208,1.0,0.0,0.3324592709541321,3,129.39513244628907,6367.1611328125
1256.3333048497177,5,0.6380212306976318,1.0,0.0,0.3460697531700134,3,129.78376007080078,6346.67822265625
1256.3833048497177,5,0.6385853886604309,1.0,0.0,0.3641359806060791,3,130.1259292602539,6384.14111328125
1256.416638183051,5,0.6389623284339905,1.0,0.0,0.37601539492607117,3,130.3539779663086,6409.607421875
1256.466638183051,5,0.639529287815094,1.0,0.0,0.3953193724155426,3,130.70250549316407,6405.4716796875
1256.5166381830509,5,0.6400979161262512,1.0,0.0,0.4195762872695923,3,131.03015899658203,6443.8125
1256.5666381830508,5,0.6406682729721069,1.0,0.0,0.4408627152442932,3,131.37268524169923,6484.71240234375
1256.5999715163841,5,0.6410494446754456,1.0,0.0,0.444080114364624,3,131.60640563964844,6477.91064453125
1256.649971516384,5,0.6416227221488953,1.0,0.0,0.442100465297699,3,131.92488555908204,6474.90087890625
1256.699971516384,5,0.6421974897384644,1.0,0.0,0.44581320881843567,3,132.21551513671875,6521.82666015625
1256.749971516384,5,0.6427737474441528,1.0,0.0,0.4515065550804138,3,132.52733459472657,6533.13720703125
1256.799971516384,5,0.6433514952659607,1.0,0.0,0.4567042887210846,3,132.8272476196289,6537.03076171875
1256.849971516384,5,0.6439309120178223,1.0,0.0,0.46239832043647766,3,133.11883850097658,6568.6826171875
1256.8999715163839,5,0.6445121169090271,1.0,0.0,0.4628930687904358,3,133.41629333496095,6596.72216796875
1256.9499715163838,5,0.6450948715209961,1.0,0.0,0.461902916431427,3,133.71240234375,6567.52490234375
1256.9999715163838,5,0.6456786394119263,1.0,0.0,0.4673492908477783,3,133.96663970947267,6593.958984375
1257.033304849717,5,0.6460679173469543,1.0,0.0,0.47650831937789917,3,134.1453048706055,6613.7060546875
1257.083304849717,5,0.6466526389122009,1.0,0.0,0.48665788769721985,3,134.42601928710937,6633.17236328125
1257.133304849717,5,0.64723801612854,1.0,0.0,0.4948273003101349,3,134.71307830810548,6633.03564453125
1257.183304849717,5,0.6478242874145508,1.0,0.0,0.5032443404197693,3,134.97515716552735,6659.95556640625
1257.233304849717,5,0.6484112739562988,1.0,0.0,0.5228024125099182,3,135.25022735595704,6666.69287109375
1257.2833048497168,5,0.6489988565444946,1.0,0.0,0.5421139001846313,3,135.5005096435547,6733.5439453125
1257.3333048497168,5,0.6495875716209412,1.0,0.0,0.5435997247695923,3,135.80396575927736,6686.87890625
1257.3833048497168,5,0.6501772403717041,1.0,0.0,0.5309723615646362,3,136.02165985107422,6682.5078125
1257.4333048497167,5,0.6507677435874939,1.0,0.0,0.517603874206543,3,136.21680450439453,6716.3447265625
1257.4833048497167,5,0.6513593196868896,1.0,0.0,0.5077009201049805,3,136.43599548339844,6707.58154296875
1257.51663818305,5,0.6517543792724609,1.0,0.0,0.506958544254303,3,136.5812210083008,6711.11328125
1257.56663818305,5,0.652347981929779,1.0,0.0,0.5151274800300598,3,136.80039825439454,6764.5234375
1257.6166381830499,5,0.6529431343078613,1.0,0.0,0.5220600366592407,3,137.04868927001954,6794.01123046875
1257.6666381830498,5,0.6535401940345764,1.0,0.0,0.510176420211792,3,137.32708282470705,6777.96142578125
1257.6999715163831,5,0.6539389491081238,1.0,0.0,0.495322585105896,3,137.49959564208984,6757.4599609375
1257.749971516383,5,0.6545389890670776,1.0,0.0,0.4804691672325134,3,137.71881408691408,6810.9033203125
1257.799971516383,5,0.6551403403282166,1.0,0.0,0.47032007575035095,3,137.95838470458986,6838.38916015625
1257.849971516383,5,0.6557428240776062,1.0,0.0,0.45621004700660706,3,138.2064422607422,6847.693359375
1257.899971516383,5,0.6563459634780884,1.0,0.0,0.43195217847824097,3,138.44512023925782,6865.6201171875
1257.949971516383,5,0.6569498181343079,1.0,0.0,0.40373495221138,3,138.6818618774414,6880.12353515625
1257.9999715163829,5,0.6575544476509094,1.0,0.0,0.37156009674072266,3,138.92310791015626,6878.982421875
1258.0499715163828,5,0.6581599712371826,1.0,0.0,0.3349337875843048,3,139.15209045410157,6891.21630859375
1258.0999715163828,5,0.6587662100791931,1.0,0.0,0.2963310182094574,3,139.37368469238282,6868.74755859375
1258.1499715163827,5,0.659372866153717,1.0,0.0,0.25896838307380676,3,139.56882934570314,6889.67333984375
1258.1999715163827,5,0.6599804162979126,1.0,0.0,0.22828923165798187,3,139.79019012451172,6896.77978515625
1258.2499715163826,5,0.660588800907135,1.0,0.0,0.20107659697532654,3,140.03135375976564,6919.74462890625
1258.2999715163826,5,0.6611980199813843,1.0,0.0,0.17238089442253113,3,140.30728912353516,6929.3935546875
1258.3499715163825,5,0.6618084907531738,1.0,0.0,0.13577193021774292,3,140.59050292968752,6932.8193359375
1258.3999715163825,5,0.6624201536178589,1.0,0.0,0.09644585847854614,3,140.87290649414064,6913.62158203125
1258.4499715163824,5,0.6630329489707947,1.0,0.0,0.06305764615535736,3,141.15579071044922,6948.18017578125
1258.4999715163824,5,0.6636471152305603,1.0,0.0,0.025470221415162086,3,141.48038177490236,6939.11279296875
1258.5499715163824,5,0.6642628312110901,1.0,0.0,-0.023241907358169556,3,141.7745132446289,6908.7197265625
1258.5999715163823,5,0.664880096912384,1.0,0.0,-0.06947481632232666,3,142.02877807617188,6957.6044921875
1258.6499715163823,5,0.6654988527297974,1.0,0.0,-0.09642153978347778,3,142.335612487793,6997.505859375
1258.6999715163822,5,0.6661195158958435,1.0,0.0,-0.11619831621646881,3,142.67265930175782,6956.73095703125
1258.7499715163822,5,0.6667419672012329,1.0,0.0,-0.13597320020198822,3,142.9492401123047,7006.14453125
1258.7833048497155,5,0.6671575903892517,1.0,0.0,-0.1535235345363617,3,143.13485412597657,7036.02880859375
1258.8166381830488,5,0.6675727963447571,1.0,0.0,-0.1725550889968872,3,143.34724731445314,7026.37109375
1258.8666381830487,5,0.6681964993476868,1.0,0.0,-0.20073112845420837,3,143.63960723876954,7071.3134765625
1258.9166381830487,5,0.6688206195831299,1.0,0.0,-0.2224796861410141,3,143.96266021728516,7049.22314453125
1258.9666381830486,5,0.6694456338882446,1.0,0.0,-0.2303873896598816,3,144.2685745239258,7102.82373046875
1258.999971516382,5,0.6698629260063171,1.0,0.0,-0.22544482350349426,3,144.49915008544923,7071.7529296875
1259.049971516382,5,0.6704894304275513,1.0,0.0,-0.2140766829252243,3,144.78300933837892,7059.63916015625
1259.0999715163819,5,0.6711169481277466,1.0,0.0,-0.2135823518037796,3,145.02720794677734,7097.30224609375
1259.1499715163818,5,0.6717454791069031,1.0,0.0,-0.23384690284729004,3,145.2932556152344,7116.9912109375
1259.1999715163818,5,0.6723753213882446,1.0,0.0,-0.27536287903785706,3,145.56902618408205,7146.03857421875
1259.233304849715,5,0.6727960109710693,0.9920949935913086,0.0,-0.2971067428588867,3,145.76124572753906,7170.9375
1259.283304849715,5,0.6734285950660706,0.7272728681564331,0.0,-0.30402493476867676,3,146.07185668945314,7098.7490234375
1259.333304849715,5,0.6740625500679016,0.17786556482315063,0.0,-0.29389435052871704,3,146.11312408447267,6968.4072265625
1259.383304849715,5,0.6746965050697327,0.0,0.0,-0.28821131587028503,3,145.84838104248047,6723.85107421875
1259.433304849715,5,0.6753290891647339,0.0,0.0,-0.29685962200164795,3,145.0603042602539,7081.98876953125
1259.4833048497148,5,0.675960123538971,0.0,0.0,-0.3223083019256592,3,144.70691528320313,6928.62841796875
1259.5333048497148,5,0.6765902638435364,0.0,0.0,-0.3492390513420105,3,144.24158935546876,6929.544921875
1259.566638183048,5,0.6770098805427551,0.0,0.0,-0.36529698967933655,3,143.95035552978516,6901.85888671875
1259.616638183048,5,0.677638590335846,0.0,0.0,-0.3956836462020874,3,143.52547302246094,6859.9150390625
1259.666638183048,5,0.6782668232917786,0.0,0.0,-0.42754948139190674,3,143.08921966552734,6826.91845703125
1259.716638183048,5,0.6788933277130127,0.0,0.0,-0.4480508863925934,3,142.59229431152343,6819.8837890625
1259.766638183048,5,0.6795175075531006,0.0,0.0,-0.45595383644104004,3,142.0874038696289,6802.12939453125
1259.8166381830479,5,0.6801387071609497,0.0,0.0,-0.4604003131389618,3,141.58403778076172,6778.9931640625
1259.8666381830478,5,0.6807571649551392,0.0,0.0,-0.46459949016571045,3,141.0561996459961,6760.65478515625
1259.9166381830478,5,0.6813730597496033,0.0,0.0,-0.4690438210964203,3,140.5185287475586,6738.58837890625
1259.9666381830477,5,0.6819862127304077,0.0,0.0,-0.4752194881439209,3,139.97644958496093,6711.42529296875
1260.0166381830477,5,0.6825969815254211,0.15019762516021729,0.0,-0.4794178009033203,3,139.44278869628906,6720.54638671875
1260.0666381830476,5,0.6832056045532227,0.35177862644195557,0.0,-0.4804064929485321,3,139.02528076171876,6796.6005859375
1260.1166381830476,5,0.6838129162788391,0.5059288144111633,0.0,-0.48460468649864197,3,138.722607421875,7031.85986328125
1260.149971516381,5,0.6842173933982849,0.5889328718185425,0.0,-0.4905321002006531,3,138.72539520263672,6872.51904296875
1260.1999715163809,5,0.6848247051239014,0.6600791811943054,0.0,-0.5058437585830688,3,138.79632568359375,6847.53564453125
1260.2333048497142,5,0.685230016708374,0.6877468824386597,0.0,-0.5152291059494019,3,138.8093032836914,6866.8427734375
1260.2666381830475,5,0.685635507106781,0.7233203053474426,0.0,-0.520908534526825,3,138.84444580078124,6869.1416015625
1260.3166381830474,5,0.6862446665763855,0.7747036814689636,0.0,-0.5218963027000427,3,138.9191116333008,6869.08154296875
1260.3666381830474,5,0.6868546605110168,0.8063240051269531,0.0,-0.5228837728500366,3,139.01529693603516,6863.82275390625
1260.4166381830473,5,0.6874662041664124,0.8379448056221008,0.0,-0.526341438293457,3,139.12340240478517,6867.90478515625
1260.4499715163806,5,0.6878745555877686,0.8616600036621094,0.0,-0.5300455689430237,3,139.21361389160157,6866.4658203125
1260.483304849714,5,0.6882839202880859,0.8893282413482666,0.0,-0.5310342907905579,3,139.32259826660157,6867.34716796875
1260.5333048497139,5,0.6888987421989441,0.9209488034248352,0.0,-0.5293048620223999,3,139.50293884277343,6879.68115234375
1260.5666381830472,5,0.6893089413642883,0.9407113790512085,0.0,-0.5231310129165649,3,139.61266479492187,6941.29345703125
1260.6166381830471,5,0.6899248957633972,0.9723321199417114,0.0,-0.5199206471443176,3,139.89543914794922,6864.1337890625
1260.666638183047,5,0.6905408501625061,0.9999999403953552,0.0,-0.5214018225669861,3,140.07726287841797,6978.087890625
1260.716638183047,5,0.6911566257476807,1.0,0.0,-0.5251075029373169,3,140.3035400390625,6884.0009765625
1260.766638183047,5,0.6917726397514343,1.0,0.0,-0.5246131420135498,3,140.48496551513674,6960.89892578125
1260.816638183047,5,0.692388653755188,1.0,0.0,-0.519180178642273,3,140.71853485107422,6937.87548828125
1260.866638183047,5,0.6930046677589417,1.0,0.0,-0.5130062699317932,3,140.90362701416015,6915.91455078125
1260.9166381830469,5,0.6936209797859192,1.0,0.0,-0.5070788264274597,3,141.0809326171875,6915.4208984375
1260.9666381830468,5,0.694237470626831,1.0,0.0,-0.5060910582542419,3,141.27606353759765,6937.04296875
1261.0166381830468,5,0.6948544383049011,1.0,0.0,-0.5144885778427124,3,141.47705841064453,6976.2060546875
1261.0666381830467,5,0.695472002029419,1.0,0.0,-0.532515287399292,3,141.66099700927734,7059.5400390625
1261.1166381830467,5,0.6960901618003845,1.0,0.0,-0.5591838955879211,3,141.93430938720704,7025.80078125
1261.1666381830466,5,0.6967092156410217,1.0,0.0,-0.5660984516143799,3,142.13112945556642,7043.0751953125
1261.2166381830466,5,0.6973291635513306,1.0,0.0,-0.5401701331138611,3,142.3513641357422,7003.18505859375
1261.24997151638,5,0.6977430582046509,1.0,0.0,-0.5147348046302795,3,142.4648666381836,7019.00146484375
1261.2999715163799,5,0.698364794254303,1.0,0.0,-0.4804064631462097,3,142.61275634765624,7028.83154296875
1261.3499715163798,5,0.6989877223968506,1.0,0.0,-0.45027363300323486,3,142.76700439453126,7038.95703125
1261.383304849713,5,0.6994031667709351,1.0,0.0,-0.4379233121871948,3,142.87218475341797,7038.75830078125
1261.433304849713,5,0.7000267505645752,1.0,0.0,-0.4324891269207001,3,143.03766632080078,7060.7705078125
1261.483304849713,5,0.7006497979164124,1.0,0.0,-0.44311025738716125,3,143.22457122802734,7061.93701171875
1261.533304849713,5,0.7012734413146973,1.0,0.0,-0.45200294256210327,3,143.4068618774414,7078.1435546875
1261.5666381830463,5,0.7016894817352295,1.0,0.0,-0.4440979063510895,3,143.53643188476562,7099.98876953125
1261.6166381830462,5,0.702314019203186,1.0,0.0,-0.4218671917915344,3,143.75959167480468,7069.92138671875
1261.6666381830462,5,0.7029392719268799,1.0,0.0,-0.40581125020980835,3,143.94178619384766,7107.16943359375
1261.7166381830461,5,0.703565239906311,1.0,0.0,-0.4035875201225281,3,144.14177856445312,7128.47216796875
1261.766638183046,5,0.7041918635368347,1.0,0.0,-0.41173964738845825,3,144.3385025024414,7166.3154296875
1261.7999715163794,5,0.7046099901199341,1.0,0.0,-0.41544440388679504,3,144.4630325317383,7199.78076171875
1261.8333048497127,5,0.7050285339355469,1.0,0.0,-0.4142094850540161,3,144.60733795166016,7205.8251953125
1261.8833048497127,5,0.7056571245193481,1.0,0.0,-0.40556490421295166,3,144.8354278564453,7197.64111328125
1261.916638183046,5,0.7060766220092773,1.0,0.0,-0.3885193169116974,3,144.9815185546875,7189.9150390625
1261.966638183046,5,0.706706702709198,1.0,0.0,-0.3638158440589905,3,145.1889404296875,7186.91455078125
1261.9999715163792,5,0.7071272134780884,1.0,0.0,-0.34701550006866455,3,145.31432189941407,7193.79248046875
1262.0333048497125,5,0.707548201084137,1.0,0.0,-0.329474538564682,3,145.44007415771486,7209.6708984375
1262.0833048497125,5,0.7081804871559143,1.0,0.0,-0.309461772441864,3,145.64413146972657,7205.8984375
1262.1333048497124,5,0.7088137865066528,1.0,0.0,-0.2847526967525482,3,145.83935852050783,7229.7978515625
1262.1666381830457,5,0.7092366218566895,1.0,0.0,-0.26745522022247314,3,145.9849822998047,7222.5458984375
1262.2166381830457,5,0.7098720073699951,1.0,0.0,-0.2484273612499237,3,146.18360137939453,7255.37890625
1262.249971516379,5,0.7102961540222168,1.0,0.0,-0.235082745552063,3,146.3152038574219,7297.82666015625
1262.299971516379,5,0.7109336853027344,1.0,0.0,-0.20221415162086487,3,146.5830093383789,7218.52294921875
1262.349971516379,5,0.7115722298622131,1.0,0.0,-0.15302923321723938,3,146.78602294921876,7212.28955078125
1262.3999715163789,5,0.7122114300727844,1.0,0.0,-0.10037726908922195,3,146.98609771728516,7207.1787109375
1262.4499715163788,5,0.7128515243530273,1.0,0.0,-0.05909252539277077,3,147.1967330932617,7211.1220703125
1262.4999715163788,5,0.7134925127029419,1.0,0.0,-0.05859725549817085,3,147.40819244384767,7225.16455078125
1262.5499715163787,5,0.7141346335411072,1.0,0.0,-0.085050567984581,3,147.66286926269532,7239.04736328125
1262.5999715163787,5,0.7147780060768127,1.0,0.0,-0.11125389486551285,3,147.92676086425783,7251.8505859375
1262.6499715163786,5,0.7154227495193481,1.0,0.0,-0.1260852813720703,3,148.18650512695314,7272.09814453125
1262.6999715163786,5,0.7160688638687134,1.0,0.0,-0.13449111580848694,3,148.4576202392578,7292.39013671875
1262.7499715163785,5,0.7167161107063293,1.0,0.0,-0.13770344853401184,3,148.7452835083008,7288.74560546875
1262.7999715163785,5,0.7173646092414856,1.0,0.0,-0.13251280784606934,3,149.01766204833984,7281.5400390625
1262.8499715163784,5,0.7180144190788269,1.0,0.0,-0.12311922013759613,3,149.27075958251953,7305.62451171875
1262.8999715163784,5,0.7186651825904846,1.0,0.0,-0.11817570775747299,3,149.53244018554688,7315.31494140625
1262.9333048497117,5,0.719099760055542,1.0,0.0,-0.11792944371700287,3,149.70688934326174,7319.001953125
1262.966638183045,5,0.719534695148468,1.0,0.0,-0.1176813542842865,3,149.87276916503907,7327.83056640625
1263.016638183045,5,0.7201882004737854,1.0,0.0,-0.11792945861816406,3,150.12467193603516,7338.9287109375
1263.066638183045,5,0.7208427786827087,1.0,0.0,-0.1176813617348671,3,150.3716033935547,7353.82275390625
1263.0999715163782,5,0.7212799191474915,1.0,0.0,-0.1181756854057312,3,150.54238586425782,7355.6240234375
1263.1499715163782,5,0.7219365239143372,1.0,0.0,-0.1171870008111,3,150.78963317871094,7374.63427734375
1263.1999715163781,5,0.7225943803787231,1.0,0.0,-0.11644549667835236,3,151.0422775268555,7368.68017578125
1263.249971516378,5,0.7232532501220703,1.0,0.0,-0.11372563242912292,3,151.26612396240236,7382.92724609375
1263.2833048497114,5,0.7236928939819336,1.0,0.0,-0.11446808278560638,3,151.41546936035158,7389.6806640625
1263.3333048497113,5,0.7243527173995972,1.0,0.0,-0.11693984270095825,3,151.63828582763674,7421.74951171875
1263.3833048497113,5,0.7250134348869324,1.0,0.0,-0.1166926696896553,3,151.87744445800783,7413.05419921875
1263.4333048497112,5,0.725675106048584,1.0,0.0,-0.11372564733028412,3,152.09180145263673,7425.0625
1263.4833048497112,5,0.7263374924659729,1.0,0.0,-0.11298409104347229,3,152.29497985839845,7436.44921875
1263.5333048497112,5,0.7270005941390991,1.0,0.0,-0.11619830131530762,3,152.4773391723633,7444.73828125
1263.583304849711,5,0.7276644110679626,1.0,0.0,-0.12114179879426956,3,152.63070831298828,7449.33984375
1263.633304849711,5,0.7283287644386292,1.0,0.0,-0.12534470856189728,3,152.76045684814454,7454.09228515625
1263.683304849711,5,0.7289935350418091,1.0,0.0,-0.12682776153087616,3,152.8709930419922,7456.87255859375
1263.7166381830443,5,0.7294368743896484,1.0,0.0,-0.121883325278759,0,152.86717529296877,7155.3525390625
1263.7499715163776,5,0.7298799157142639,1.0,0.0,-0.11397372931241989,0,152.71663513183594,6892.63134765625
1263.7999715163776,5,0.7305441498756409,1.0,0.0,-0.09889421612024307,4,152.94254150390626,6174.42431640625
1263.8499715163775,5,0.7312095761299133,1.0,0.0,-0.08084764331579208,4,153.10162353515625,6306.61669921875
1263.8999715163775,5,0.7318756580352783,1.0,0.0,-0.06576719880104065,4,153.34302062988283,6255.8984375
1263.9499715163774,5,0.7325426936149597,1.0,0.0,-0.04944898560643196,4,153.53260345458986,6275.58251953125
1263.9999715163774,5,0.7332103848457336,1.0,0.0,-0.03906576335430145,4,153.72188415527344,6281.77783203125
1264.0499715163774,5,0.7338789701461792,1.0,0.0,-0.03560439124703407,4,153.91040954589843,6298.23828125
1264.0999715163773,5,0.7345483303070068,1.0,0.0,-0.03733553737401962,4,154.10906982421875,6308.427734375
1264.1333048497106,5,0.7349951267242432,1.0,0.0,-0.039807289838790894,4,154.23883209228515,6311.16064453125
1264.1833048497106,5,0.7356659770011902,1.0,0.0,-0.043515849858522415,4,154.43154602050782,6323.1064453125
1264.2333048497105,5,0.7363381385803223,1.0,0.0,-0.04351584613323212,4,154.6254135131836,6332.04443359375
1264.2833048497105,5,0.7370111346244812,1.0,0.0,-0.04203280061483383,4,154.81744079589845,6343.5625
1264.3166381830438,5,0.737460196018219,1.0,0.0,-0.04178469628095627,4,154.94317932128908,6356.03759765625
1264.3666381830437,5,0.7381346225738525,1.0,0.0,-0.04475172236561775,4,155.14214172363282,6362.79638671875
1264.4166381830437,5,0.7388099431991577,1.0,0.0,-0.04623571038246155,4,155.3415710449219,6374.21240234375
1264.449971516377,5,0.7392605543136597,1.0,0.0,-0.04697723314166069,4,155.47884521484374,6382.9853515625
1264.499971516377,5,0.7399372458457947,1.0,0.0,-0.044999830424785614,4,155.69062042236328,6384.43505859375
1264.549971516377,5,0.7406148910522461,1.0,0.0,-0.04302243888378143,4,155.8994155883789,6398.724609375
1264.5999715163769,5,0.7412934899330139,1.0,0.0,-0.04178469628095627,4,156.12147674560546,6406.95458984375
1264.6499715163768,5,0.7419729232788086,1.0,0.0,-0.04227998107671738,4,156.34853668212892,6399.89599609375
1264.6999715163768,5,0.7426532506942749,1.0,0.0,-0.041291285306215286,4,156.56331939697267,6407.14892578125
1264.7499715163767,5,0.7433345317840576,1.0,0.0,-0.038571421056985855,4,156.7829772949219,6416.5849609375
1264.7999715163767,5,0.744016706943512,1.0,0.0,-0.039065778255462646,4,156.99782867431642,6413.4697265625
1264.8499715163766,5,0.7446997165679932,1.0,0.0,-0.04030163586139679,4,157.19220428466798,6429.57763671875
1264.88330484971,5,0.7451555132865906,1.0,0.0,-0.042032793164253235,4,157.32268066406252,6438.65380859375
1264.9166381830432,5,0.7456116080284119,1.0,0.0,-0.04252714663743973,4,157.45437927246095,6459.01416015625
1264.9499715163765,5,0.7460681200027466,1.0,0.0,-0.0445045530796051,4,157.59843750000002,6473.814453125
1264.9999715163765,5,0.7467537522315979,1.0,0.0,-0.0445045530796051,4,157.82509918212892,6469.3359375
1265.0499715163764,5,0.7474402785301208,1.0,0.0,-0.041291285306215286,4,158.03892059326174,6485.060546875
1265.0999715163764,5,0.748127818107605,1.0,0.0,-0.03560438007116318,4,158.2683837890625,6503.36376953125
1265.1499715163764,5,0.7488163113594055,1.0,0.0,-0.03016561269760132,4,158.51464233398437,6494.3583984375
1265.1999715163763,5,0.7495060563087463,1.0,0.0,-0.02967032417654991,4,158.74752502441407,6499.09375
1265.2499715163763,5,0.7501967549324036,1.0,0.0,-0.028681619092822075,4,158.9891143798828,6522.50390625
1265.2999715163762,5,0.7508884072303772,1.0,0.0,-0.028434453532099724,4,159.25226440429688,6500.8369140625
1265.3499715163762,5,0.7515810132026672,1.0,0.0,-0.027692928910255432,4,159.4841720581055,6516.84130859375
1265.3999715163761,5,0.7522745728492737,1.0,0.0,-0.028434444218873978,4,159.71082000732423,6519.76416015625
1265.449971516376,5,0.7529689073562622,1.0,0.0,-0.0336269848048687,4,159.92564392089844,6534.94580078125
1265.4833048497094,5,0.7534322738647461,1.0,0.0,-0.03733554109930992,4,160.06646118164062,6540.98046875
1265.5333048497093,5,0.7541279792785645,1.0,0.0,-0.04450454190373421,4,160.27728881835938,6556.33349609375
1265.5833048497093,5,0.7548245191574097,1.0,0.0,-0.04722534120082855,4,160.49307403564453,6575.5078125
1265.6166381830426,5,0.7552894353866577,1.0,0.0,-0.04846121370792389,4,160.63790130615234,6578.61181640625
1265.6666381830426,5,0.7559874653816223,1.0,0.0,-0.04623569920659065,4,160.85183258056642,6613.91650390625
1265.7166381830425,5,0.7566865086555481,1.0,0.0,-0.042032793164253235,4,161.10108489990236,6612.78173828125
1265.7666381830425,5,0.7573865652084351,1.0,0.0,-0.03387322649359703,4,161.3594970703125,6620.88427734375
1265.7999715163758,5,0.7578539252281189,1.0,0.0,-0.02596176415681839,4,161.53411102294922,6601.16162109375
1265.8499715163757,5,0.7585558295249939,1.0,0.0,-0.014835160225629807,4,161.76482391357422,6624.7119140625
1265.883304849709,5,0.7590243220329285,1.0,0.0,-0.009148270823061466,4,161.92733917236328,6626.40234375
1265.9166381830423,5,0.759493350982666,1.0,0.0,-0.008158636279404163,4,162.08812408447267,6630.482421875
1265.9666381830423,5,0.7601976990699768,1.0,0.0,-0.015823859721422195,4,162.3184799194336,6639.9228515625
1266.0166381830422,5,0.7609031200408936,1.0,0.0,-0.028681624680757523,4,162.56049499511718,6667.1357421875
1266.0666381830422,5,0.7616097331047058,1.0,0.0,-0.035110048949718475,4,162.82578735351564,6655.1474609375
1266.1166381830421,5,0.7623175382614136,1.0,0.0,-0.03486286848783493,4,163.06707458496095,6666.275390625
1266.166638183042,5,0.7630264163017273,1.0,0.0,-0.027444815263152122,4,163.3132507324219,6673.80517578125
1266.216638183042,5,0.7637364268302917,1.0,0.0,-0.018049366772174835,4,163.54839935302735,6675.09765625
1266.266638183042,5,0.7644473910331726,1.0,0.0,-0.012363412417471409,4,163.77080383300782,6693.3642578125
1266.316638183042,5,0.7651593685150146,1.0,0.0,-0.012115304358303547,4,163.99936065673828,6710.880859375
1266.366638183042,5,0.7658723592758179,1.0,0.0,-0.015576682984828949,4,164.2318588256836,6722.3046875
1266.4166381830419,5,0.766586422920227,1.0,0.0,-0.01631821319460869,4,164.47119598388673,6739.09228515625
1266.4666381830418,5,0.7673015594482422,1.0,0.0,-0.013846463523805141,4,164.72370300292968,6742.359375
1266.5166381830418,5,0.7680177688598633,1.0,0.0,-0.006922764703631401,4,164.96751708984377,6743.37646484375
1266.5666381830417,5,0.7687350511550903,1.0,0.0,-0.0002471744373906404,4,165.20642852783203,6763.001953125
1266.6166381830417,5,0.7694532871246338,1.0,0.0,0.002225508214905858,4,165.4488967895508,6761.30712890625
1266.6666381830416,5,0.7701727151870728,1.0,0.0,0.002225508214905858,4,165.68065338134767,6782.90869140625
1266.699971516375,5,0.7706528306007385,1.0,0.0,0.0004943492822349072,4,165.8455032348633,6787.583984375
1266.749971516375,5,0.771373987197876,1.0,0.0,-0.002718921285122633,4,166.10515136718752,6805.7109375
1266.7999715163749,5,0.7720962762832642,1.0,0.0,-0.003955730702728033,4,166.3698944091797,6780.03369140625
1266.8499715163748,5,0.7728195786476135,1.0,0.0,-0.0029670321382582188,4,166.58918151855468,6800.15673828125
1266.883304849708,5,0.7733023762702942,1.0,0.0,-0.0004934131866320968,4,166.72840576171876,6798.90576171875
1266.9166381830414,5,0.7737855911254883,1.0,0.0,0.0012368096504360437,4,166.86849517822267,6815.43017578125
1266.9666381830414,5,0.7745110988616943,1.0,0.0,0.0007424603682011366,4,167.10470123291017,6839.951171875
1267.0166381830413,5,0.7752377986907959,1.0,0.0,-0.00420290557667613,4,167.34690856933594,6830.01904296875
1267.0666381830413,5,0.7759653329849243,1.0,0.0,-0.00717087322846055,4,167.56593475341796,6845.546875
1267.1166381830412,5,0.7766939401626587,1.0,0.0,-0.004698192235082388,4,167.78697967529297,6852.35107421875
1267.1666381830412,5,0.7774234414100647,1.0,0.0,-0.00420290557667613,4,168.0006088256836,6865.0732421875
1267.2166381830411,5,0.7781537771224976,1.0,0.0,-0.005685952492058277,4,168.21511688232422,6880.11767578125
1267.266638183041,5,0.778885006904602,1.0,0.0,-0.005685954354703426,4,168.43868865966797,6889.03466796875
1267.316638183041,5,0.779617190361023,1.0,0.0,-0.007665223907679319,4,168.65631408691408,6891.73095703125
1267.366638183041,5,0.7803502678871155,1.0,0.0,-0.010384144261479378,4,168.86480712890625,6913.29443359375
1267.416638183041,5,0.7810841798782349,1.0,0.0,-0.009642618708312511,4,169.09185333251955,6921.77685546875
1267.466638183041,5,0.7818191647529602,1.0,0.0,-0.008406748995184898,4,169.3251480102539,6928.88525390625
1267.5166381830409,5,0.7825550436973572,1.0,0.0,-0.00914827175438404,4,169.55150756835937,6922.345703125
1267.5499715163742,5,0.7830462455749512,1.0,0.0,-0.008406748995184898,4,169.6932586669922,6939.1630859375
1267.5833048497075,5,0.7835378050804138,1.0,0.0,-0.007912399247288704,4,169.83763275146484,6940.369140625
1267.6166381830408,5,0.7840297222137451,1.0,0.0,-0.00791239831596613,4,169.98416290283203,6943.4052734375
1267.6666381830407,5,0.7847684621810913,1.0,0.0,-0.010137906298041344,4,170.19280700683595,6956.10693359375
1267.7166381830407,5,0.7855080962181091,1.0,0.0,-0.015576682984828949,4,170.41595306396485,6974.85302734375
1267.7666381830406,5,0.7862486839294434,1.0,0.0,-0.022500382736325264,4,170.64753112792968,6959.025390625
1267.8166381830406,5,0.7869901061058044,1.0,0.0,-0.026456112042069435,4,170.83546600341796,6973.544921875
1267.8666381830405,5,0.7877324819564819,1.0,0.0,-0.027444809675216675,4,171.02701263427736,7000.04931640625
1267.9166381830405,5,0.7884756326675415,1.0,0.0,-0.02794010192155838,4,171.2427703857422,7003.58251953125
1267.9666381830405,5,0.7892196774482727,1.0,0.0,-0.03189583122730255,4,171.46263427734377,7011.17919921875
1268.0166381830404,5,0.7899646759033203,1.0,0.0,-0.035110048949718475,4,171.6673095703125,7004.92431640625
1268.0499715163737,5,0.7904617190361023,1.0,0.0,-0.035110026597976685,4,171.78648376464844,7019.15478515625
1268.0999715163737,5,0.791208028793335,1.0,0.0,-0.035604387521743774,4,171.9802963256836,7046.97802734375
1268.1499715163736,5,0.7919550538063049,1.0,0.0,-0.03956011310219765,4,172.19301910400392,7035.74658203125
1268.1999715163736,5,0.7927030324935913,1.0,0.0,-0.04796687141060829,4,172.38360443115235,7055.61474609375
1268.2333048497069,5,0.7932021021842957,1.0,0.0,-0.05340563505887985,4,172.51101837158203,7058.86328125
1268.2666381830402,5,0.7937014698982239,1.0,0.0,-0.05810289457440376,4,172.6345458984375,7071.896484375
1268.3166381830401,5,0.7944512963294983,1.0,0.0,-0.06378979980945587,4,172.82541961669924,7094.0078125
1268.36663818304,5,0.7952019572257996,1.0,0.0,-0.06873328238725662,4,173.05764312744142,7110.31005859375
1268.3999715163734,5,0.7957029342651367,1.0,0.0,-0.06848704069852829,4,173.2334930419922,7073.08642578125
1268.4333048497067,5,0.7962044477462769,1.0,0.0,-0.0665087103843689,4,173.36988830566406,7072.0234375
1268.4833048497067,5,0.7969573140144348,1.0,0.0,-0.0660143718123436,4,173.53953094482424,7087.46044921875
1268.51663818304,5,0.7974595427513123,1.0,0.0,-0.06972292810678482,4,173.65391235351564,7090.9814453125
1268.56663818304,5,0.7982136011123657,1.0,0.0,-0.08480245620012283,4,173.83116302490234,7150.8251953125
1268.6166381830399,5,0.7989685535430908,1.0,0.0,-0.100130096077919,4,174.05907440185547,7124.60986328125
1268.6666381830398,5,0.799724280834198,1.0,0.0,-0.11051235347986221,4,174.2323425292969,7128.5
1268.6999715163731,5,0.8002285361289978,1.0,0.0,-0.11397372931241989,4,174.33635559082032,7180.09814453125
1268.749971516373,5,0.8009855151176453,1.0,0.0,-0.11595112085342407,4,174.53707580566407,7204.5478515625
1268.799971516373,5,0.8017433881759644,1.0,0.0,-0.11990591138601303,4,174.7628173828125,7213.90234375
1268.849971516373,5,0.8025023341178894,1.0,0.0,-0.1191653162240982,4,175.00326690673828,7173.7412109375
1268.899971516373,5,0.8032621741294861,1.0,0.0,-0.11224352568387985,4,175.2038360595703,7212.91259765625
1268.9333048497062,5,0.8037692904472351,1.0,0.0,-0.10804062336683273,4,175.3545684814453,7212.2734375
1268.9666381830395,5,0.804276704788208,1.0,0.0,-0.10284899175167084,4,175.51067047119142,7219.5302734375
1269.0166381830395,5,0.8050388693809509,1.0,0.0,-0.09098369628190994,4,175.7520538330078,7205.33544921875
1269.0666381830395,5,0.8058019876480103,1.0,0.0,-0.07639758288860321,4,175.98282165527345,7229.53955078125
1269.1166381830394,5,0.8065659999847412,1.0,0.0,-0.06280016899108887,4,176.2259490966797,7211.201171875
1269.1499715163727,5,0.8070757985115051,1.0,0.0,-0.056371740996837616,4,176.3672607421875,7220.08740234375
1269.1999715163727,5,0.8078411817550659,1.0,0.0,-0.053405649960041046,4,176.59422454833984,7263.19970703125
1269.2499715163726,5,0.8086076378822327,1.0,0.0,-0.05142823979258537,4,176.8647216796875,7238.02490234375
1269.283304849706,5,0.8091191649436951,1.0,0.0,-0.050191447138786316,4,177.03756408691407,7240.4072265625
1269.3333048497059,5,0.8098875284194946,1.0,0.0,-0.043268680572509766,4,177.29280395507814,7222.5029296875
1269.3833048497058,5,0.8106570243835449,1.0,0.0,-0.036098748445510864,4,177.5168426513672,7243.107421875
1269.4333048497058,5,0.8114275336265564,1.0,0.0,-0.03733554854989052,4,177.74147186279296,7234.7626953125
1269.4833048497057,5,0.812199056148529,1.0,0.0,-0.05216977372765541,4,177.92737426757813,7255.95556640625
1269.5333048497057,5,0.8129714131355286,1.0,0.0,-0.07392581552267075,4,178.1098846435547,7269.56201171875
1269.5833048497057,5,0.8137446641921997,1.0,0.0,-0.09419693797826767,4,178.277783203125,7303.17431640625
1269.616638183039,5,0.8142606019973755,1.0,0.0,-0.10383864492177963,4,178.40567779541016,7334.40234375
1269.6499715163723,5,0.8147768974304199,1.0,0.0,-0.10631037503480911,4,178.55789337158203,7353.05029296875
1269.6999715163722,5,0.815552294254303,1.0,0.0,-0.09568095207214355,4,178.83399353027343,7317.45703125
1269.7499715163722,5,0.8163288831710815,1.0,0.0,-0.06947480142116547,4,179.07393493652344,7301.62451171875
1269.7999715163721,5,0.8171065449714661,1.0,0.0,-0.04079693555831909,4,179.27254028320314,7317.0849609375
1269.849971516372,5,0.8178850412368774,1.0,0.0,-0.01953335665166378,4,179.47010192871093,7317.27734375
1269.899971516372,5,0.81866455078125,1.0,0.0,-0.019533351063728333,4,179.65865478515624,7338.12060546875
1269.949971516372,5,0.819445013999939,1.0,0.0,-0.034862857311964035,4,179.85610656738282,7348.26904296875
1269.999971516372,5,0.8202263712882996,1.0,0.0,-0.04994426295161247,4,180.04820251464844,7345.97802734375
1270.0333048497052,5,0.8207477331161499,1.0,0.0,-0.051674485206604004,4,180.17818450927734,7378.76708984375
1270.0666381830385,5,0.8212696313858032,1.0,0.0,-0.04920273274183273,4,180.32725524902344,7353.47412109375
1270.0999715163719,5,0.82179194688797,1.0,0.0,-0.0464828722178936,4,180.4531448364258,7352.65283203125
1270.1499715163718,5,0.8225760459899902,1.0,0.0,-0.04425830766558647,4,180.61685485839845,7368.158203125
1270.1999715163718,5,0.823360800743103,1.0,0.0,-0.04475172236561775,4,180.7592514038086,7379.193359375
1270.2499715163717,5,0.8241462111473083,1.0,0.0,-0.04920273274183273,4,180.92239837646486,7421.7041015625
1270.2999715163717,5,0.8249323964118958,0.9090909957885742,0.0,-0.05686702951788902,4,181.13465423583986,7398.69873046875
1270.3499715163716,5,0.8257195353507996,0.48221349716186523,0.0,-0.060822755098342896,4,181.26297454833986,7324.48974609375
1270.3999715163716,5,0.8265065550804138,0.0237154308706522,0.0,-0.058351002633571625,4,181.0861770629883,7148.0947265625
1270.4499715163715,5,0.8272923827171326,0.0,0.0,-0.05414716526865959,4,180.6431121826172,7288.34814453125
1270.4999715163715,5,0.8280759453773499,0.0,0.0,-0.05612549930810928,4,180.20931701660157,7238.833984375
1270.5499715163714,5,0.8288578391075134,0.0,0.0,-0.06230580434203148,4,179.79127349853516,7239.39404296875
1270.5999715163714,5,0.829637885093689,0.0,0.0,-0.058844421058893204,4,179.3741912841797,7227.29052734375
1270.6499715163714,5,0.8304160833358765,0.0,0.03313964605331421,-0.048461221158504486,4,178.9389404296875,7217.9775390625
1270.6999715163713,5,0.8311923146247864,0.0,0.1776541769504547,-0.04326866939663887,4,178.38235931396486,7214.50634765625
1270.7499715163713,5,0.8319656252861023,0.0,0.27369123697280884,-0.04673006013035774,4,177.6092514038086,7164.48388671875
1270.7999715163712,5,0.8327352404594421,0.0,0.36249104142189026,-0.06008028984069824,4,176.69112396240234,7125.65087890625
1270.8499715163712,5,0.8335006833076477,0.0,0.4935133755207062,-0.07664568722248077,4,175.58659973144532,7075.8994140625
1270.8999715163711,5,0.8342611193656921,0.0,0.6257531642913818,-0.08603832125663757,4,174.21649475097658,7020.43896484375
1270.949971516371,5,0.8350149989128113,0.0,0.6818233132362366,-0.08579207956790924,4,172.63970947265625,6954.6748046875
1270.999971516371,5,0.8357620239257812,0.0,0.7079868316650391,-0.08430901169776917,4,170.99423217773438,6877.0654296875
1271.049971516371,5,0.8365018367767334,0.0,0.728131890296936,-0.08603830635547638,4,169.3030517578125,6799.82080078125
1271.099971516371,5,0.8372344374656677,0.0,0.734948456287384,-0.09122990816831589,4,167.60298614501954,6723.12646484375
1271.149971516371,5,0.8379598259925842,0.0,0.734948456287384,-0.10013007372617722,4,165.9092239379883,6646.80517578125
1271.1999715163709,5,0.8386781215667725,0.0,0.6754047870635986,-0.11421997100114822,4,164.2878890991211,6583.45849609375
1271.2499715163708,5,0.839389979839325,0.0,0.6564347147941589,-0.13449107110500336,4,162.80988464355468,6505.26123046875
1271.2999715163708,5,0.8400956392288208,0.0,0.5904251933097839,-0.1651407927274704,4,161.34106750488283,6418.70068359375
1271.3499715163707,5,0.8407950401306152,0.0,0.5511727333068848,-0.20270761847496033,4,159.8579818725586,6391.791015625
1271.3999715163707,5,0.8414885401725769,0.0,0.46401455998420715,-0.22470325231552124,4,158.48329010009766,6364.103515625
1271.4499715163706,5,0.8421763777732849,0.0,0.33491721749305725,-0.22766940295696259,4,157.27193756103517,6331.205078125
1271.4999715163706,5,0.8428599834442139,0.0,0.1776542067527771,-0.2284100204706192,4,156.33099975585938,6311.32568359375
1271.5333048497039,5,0.8433141708374023,0.0,0.02695724368095398,-0.235824316740036,4,155.8955841064453,6292.615234375
1271.5833048497038,5,0.843994140625,0.0,0.0,-0.26374852657318115,4,155.42847290039063,6261.6484375
1271.6333048497038,5,0.8446723818778992,0.0,0.0,-0.3163788616657257,4,155.0143295288086,6233.96484375
1271.6833048497037,5,0.8453484177589417,0.0,0.0,-0.3628271222114563,4,154.58487396240236,6230.00244140625
1271.716638183037,5,0.845798134803772,0.1304348260164261,0.0,-0.37814345955848694,4,154.2826400756836,6247.80712890625
1271.766638183037,5,0.8464712500572205,0.3399209976196289,0.0,-0.3914843499660492,4,153.94044342041016,6327.99169921875
1271.816638183037,5,0.8471436500549316,0.45059293508529663,0.0,-0.4008713662624359,4,153.68713989257813,6471.59423828125
1271.866638183037,5,0.8478167057037354,0.48221355676651,0.0,-0.4238436818122864,4,153.75103912353515,6254.693359375
1271.9166381830369,5,0.8484904766082764,0.48221349716186523,0.0,-0.45941251516342163,4,153.669108581543,6290.271484375
1271.9666381830368,5,0.849165141582489,0.49407124519348145,0.0,-0.474973201751709,4,153.60629425048828,6286.9931640625
1271.9999715163701,5,0.8496158123016357,0.5296443700790405,0.0,-0.4739845097064972,4,153.55919036865234,6292.923828125
1272.04997151637,5,0.8502922058105469,0.5612647533416748,0.0,-0.4754658043384552,4,153.515478515625,6290.34912109375
1272.09997151637,5,0.8509697914123535,0.5612648725509644,0.0,-0.4860858619213104,4,153.48751831054688,6289.884765625
1272.14997151637,5,0.8516486287117004,0.5612648725509644,0.0,-0.5115243196487427,4,153.4585693359375,6291.7939453125
1272.19997151637,5,0.8523281812667847,0.5612648725509644,0.0,-0.5490601658821106,4,153.42164154052736,6289.29052734375
1272.24997151637,5,0.8530080914497375,0.5612648725509644,0.0,-0.5777041912078857,4,153.37158508300783,6279.4970703125
1272.2999715163699,5,0.8536869287490845,0.5612648725509644,0.0,-0.5972105264663696,4,153.31665344238283,6292.46337890625
1272.3499715163698,5,0.8543637990951538,0.5138339400291443,0.0,-0.6177036762237549,4,153.2497329711914,6267.06494140625
1272.3999715163698,5,0.8550390601158142,0.48221349716186523,0.0,-0.637702226638794,4,153.1356948852539,6267.3427734375
1272.4499715163697,5,0.8557124733924866,0.470355749130249,0.0,-0.6576988697052002,4,153.00639953613282,6254.95703125
1272.4999715163697,5,0.85638427734375,0.41501981019973755,0.0,-0.6828799247741699,4,152.88019409179688,6252.009765625
1272.5499715163696,5,0.8570544719696045,0.3241106867790222,0.0,-0.7191659808158875,4,152.72583618164063,6223.7626953125
1272.5999715163696,5,0.8577228784561157,0.28853750228881836,0.0,-0.7660624980926514,4,152.49539794921876,6202.58154296875
1272.6499715163695,5,0.858389139175415,0.28458499908447266,0.0,-0.8030816912651062,4,152.1873001098633,6185.70654296875
1272.6999715163695,5,0.8590534925460815,0.28458499908447266,0.0,-0.8102385401725769,4,151.8674331665039,6177.29248046875
1272.7499715163694,5,0.8597159385681152,0.272727370262146,0.0,-0.8094990253448486,4,151.556396484375,6174.7587890625
1272.7999715163694,5,0.8603765964508057,0.2727273106575012,0.0,-0.8144340515136719,4,151.244384765625,6157.013671875
1272.8499715163694,5,0.8610357642173767,0.2569170594215393,0.0,-0.832201361656189,4,150.93889617919922,6138.05322265625
1272.8999715163693,5,0.8616934418678284,0.241106778383255,0.0,-0.8442933559417725,4,150.64674224853516,6128.810546875
1272.9499715163693,5,0.8623494505882263,0.16600793600082397,0.0,-0.8709424138069153,4,150.36539611816406,6068.3408203125
1272.9999715163692,5,0.8630044460296631,0.09486168622970581,0.0,-0.9133807420730591,4,150.08635711669922,5946.00634765625
1273.0499715163692,5,0.8636573553085327,0.0,0.0,-0.952853798866272,4,149.59594116210937,6034.9462890625
1273.0999715163691,5,0.8643069267272949,0.0,0.0,-0.9720958471298218,4,149.0254623413086,6004.7001953125
1273.149971516369,5,0.864952802658081,0.0,0.0,-0.9718495011329651,4,148.45970764160157,6001.7822265625
1273.199971516369,5,0.8655953407287598,0.0,0.0,-0.9679022431373596,4,147.93594818115236,5979.23974609375
1273.249971516369,5,0.8662348985671997,0.0,0.0,-0.9799894690513611,4,147.4863464355469,5942.6796875
1273.299971516369,5,0.8668714165687561,0.0,0.0,-1.0103299617767334,4,147.06968994140627,5911.02734375
1273.349971516369,5,0.8675050735473633,0.0,0.0,-1.0581800937652588,4,146.5850830078125,5884.58447265625
1273.3999715163689,5,0.868135929107666,0.03952568769454956,0.0,-1.072731375694275,4,146.02071533203124,5887.001953125
1273.4499715163688,5,0.8687638640403748,0.21739131212234497,0.0,-1.0465887784957886,4,145.49677734375,5929.41015625
1273.4999715163688,5,0.8693894743919373,0.3241106867790222,0.0,-1.0290769338607788,4,145.10988006591796,6017.66748046875
1273.5499715163687,5,0.8700132369995117,0.3280632495880127,0.0,-1.0293232202529907,4,144.8032241821289,5966.69677734375
1273.5999715163687,5,0.870635986328125,0.3675888776779175,0.0,-1.0303103923797607,4,144.59420928955078,5901.0185546875
1273.6499715163686,5,0.871257483959198,0.4664032459259033,0.0,-1.0263625383377075,4,144.38347778320312,5903.59716796875
1273.6999715163686,5,0.8718783259391785,0.640316367149353,0.0,-1.0303103923797607,4,144.29005279541016,5941.56201171875
1273.7499715163685,5,0.8724989295005798,0.7667986154556274,0.0,-1.0251295566558838,4,144.30730133056642,5948.0908203125
1273.7999715163685,5,0.8731198310852051,0.8339921236038208,0.0,-1.009590744972229,4,144.38327178955078,5932.01416015625
1273.8499715163684,5,0.8737408518791199,0.9209485650062561,0.0,-0.9898568987846375,4,144.45887145996093,5966.98583984375
1273.8999715163684,5,0.8743625283241272,0.95652174949646,0.0,-0.9725891351699829,4,144.56563110351564,5954.70068359375
1273.9333048497017,5,0.8747770190238953,0.9604743719100952,0.0,-0.9674087762832642,4,144.62579498291015,5966.79931640625
1273.966638183035,5,0.8751916885375977,0.9604743719100952,0.0,-0.9646944999694824,4,144.6895294189453,5960.80126953125
1274.016638183035,5,0.8758137822151184,0.9604743719100952,0.0,-0.9577887058258057,4,144.7786834716797,5962.07421875
1274.066638183035,5,0.8764359951019287,0.9604743719100952,0.0,-0.9506346583366394,4,144.8673568725586,5973.08251953125
1274.1166381830349,5,0.877058207988739,0.9762845039367676,0.0,-0.9437268972396851,4,144.96838989257813,5974.1279296875
1274.1666381830348,5,0.8776807188987732,1.0,0.0,-0.9365718960762024,4,145.07472381591796,5990.98291015625
1274.2166381830348,5,0.8783034086227417,1.0,0.0,-0.9271971583366394,4,145.1881851196289,6008.056640625
1274.249971516368,5,0.8787185549736023,1.0,0.0,-0.9205354452133179,4,145.27559509277344,6006.31689453125
1274.299971516368,5,0.8793417811393738,1.0,0.0,-0.9091862440109253,4,145.4016357421875,6031.96533203125
1274.349971516368,5,0.8799651861190796,1.0,0.0,-0.89142245054245,4,145.5364242553711,6049.8310546875
1274.399971516368,5,0.8805890679359436,1.0,0.0,-0.8662543296813965,4,145.66771087646484,6056.9892578125
1274.449971516368,5,0.8812133073806763,1.0,0.0,-0.8349168300628662,4,145.79964294433594,6029.1240234375
1274.4999715163679,5,0.8818382024765015,1.0,0.0,-0.7981458902359009,4,145.9001678466797,6038.91650390625
1274.5499715163678,5,0.8824636340141296,1.0,0.0,-0.7635947465896606,4,145.97262268066407,6057.11328125
1274.583304849701,5,0.882880687713623,1.0,0.0,-0.7357032299041748,4,146.04312744140626,6025.58837890625
1274.633304849701,5,0.883507251739502,1.0,0.0,-0.6971971988677979,4,146.12159729003906,6020.78955078125
1274.6666381830344,5,0.883925199508667,1.0,0.0,-0.6712766289710999,4,146.18751525878906,6020.576171875
1274.7166381830343,5,0.8845532536506653,1.0,0.0,-0.6436268091201782,4,146.31135864257814,6046.1923828125
1274.7666381830343,5,0.8851824998855591,1.0,0.0,-0.6369615197181702,4,146.46810607910157,6017.23974609375
1274.8166381830342,5,0.8858130574226379,1.0,0.0,-0.6295546889305115,4,146.6159683227539,6047.96435546875
1274.8499715163675,5,0.8862341642379761,1.0,0.0,-0.6159753203392029,4,146.73331604003906,6045.35400390625
1274.8999715163675,5,0.8868664503097534,1.0,0.0,-0.5853591561317444,4,146.8967239379883,6041.8818359375
1274.9499715163674,5,0.8874989151954651,1.0,0.0,-0.554740309715271,4,147.04275970458986,6094.56103515625
1274.9999715163674,5,0.8881323933601379,1.0,0.0,-0.5194272994995117,4,147.24249114990235,6054.85205078125
1275.0499715163673,5,0.8887668251991272,1.0,0.0,-0.4769488275051117,4,147.39691772460938,6086.13134765625
1275.0999715163673,5,0.8894021511077881,1.0,0.0,-0.42977219820022583,4,147.58000488281252,6064.86083984375
1275.1333048497006,5,0.889826238155365,1.0,0.0,-0.3939542770385742,4,147.68916778564454,6087.25732421875
1275.166638183034,5,0.8902507424354553,1.0,0.0,-0.3497334420681,4,147.81354675292968,6075.9111328125
1275.2166381830339,5,0.8908882141113281,1.0,0.0,-0.28648191690444946,4,147.99979248046876,6079.16650390625
1275.2499715163672,5,0.8913137316703796,1.0,0.0,-0.23434120416641235,4,148.12496795654297,6076.3408203125
1275.2999715163671,5,0.891952633857727,1.0,0.0,-0.16439828276634216,4,148.29844207763674,6092.61767578125
1275.349971516367,5,0.8925925493240356,1.0,0.0,-0.12114177644252777,4,148.47699737548828,6118.27001953125
1275.399971516367,5,0.8932335376739502,1.0,0.0,-0.09815266728401184,4,148.68671264648438,6129.3720703125
1275.4333048497003,5,0.8936616778373718,1.0,0.0,-0.08158916234970093,4,148.848046875,6135.9794921875
1275.4833048497003,5,0.8943049311637878,1.0,0.0,-0.06552001088857651,4,149.11136169433595,6124.50146484375
1275.5333048497002,5,0.8949496746063232,1.0,0.0,-0.04722534492611885,4,149.3536102294922,6123.99755859375
1275.5833048497002,5,0.8955958485603333,1.0,0.0,-0.0336269848048687,4,149.59127197265624,6132.1455078125
1275.6333048497002,5,0.8962434530258179,1.0,0.0,-0.030411843210458755,4,149.8252395629883,6141.99169921875
1275.6833048497,5,0.8968925476074219,1.0,0.0,-0.03659401461482048,4,150.04476013183594,6139.06201171875
1275.7166381830334,5,0.8973261117935181,1.0,0.0,-0.0445045530796051,4,150.18401184082032,6173.353515625
1275.7666381830334,5,0.8979776501655579,1.0,0.0,-0.04475171118974686,4,150.45608825683595,6168.654296875
1275.8166381830333,5,0.8986308574676514,1.0,0.0,-0.036594025790691376,4,150.70789489746093,6159.63232421875
1275.8666381830333,5,0.8992851972579956,1.0,0.0,-0.020522048696875572,4,150.91689605712892,6161.5537109375
1275.9166381830332,5,0.8999404907226562,1.0,0.0,-0.0009886985644698143,4,151.12558135986328,6177.5
1275.9666381830332,5,0.9005967974662781,1.0,0.0,0.015578556805849075,4,151.3636688232422,6184.97900390625
1275.9999715163665,5,0.9010350704193115,1.0,0.0,0.02472776733338833,4,151.5169692993164,6182.13232421875
1276.0499715163664,5,0.9016933441162109,1.0,0.0,0.03338262066245079,4,151.73175201416015,6220.83154296875
1276.0999715163664,5,0.9023526906967163,1.0,0.0,0.03931763023138046,4,151.9834213256836,6223.32958984375
1276.1499715163663,5,0.9030131697654724,1.0,0.0,0.041790299117565155,4,152.23956756591798,6220.2861328125
1276.1999715163663,5,0.903674840927124,1.0,0.0,0.043521467596292496,4,152.47927551269532,6213.130859375
1276.2499715163663,5,0.904337465763092,1.0,0.0,0.0455007441341877,4,152.6898147583008,6232.61962890625
1276.2999715163662,5,0.9050010442733765,1.0,0.0,0.046488504856824875,4,152.8931442260742,6237.10693359375
1276.3499715163662,5,0.905665397644043,1.0,0.0,0.04723096266388893,4,153.09214782714844,6267.73193359375
1276.3833048496995,5,0.9061088562011719,1.0,0.0,0.04673660919070244,4,153.23395385742188,6302.9541015625
1276.4333048496994,5,0.9067748785018921,1.0,0.0,0.0455007366836071,4,153.46187896728517,6274.28466796875
1276.4666381830327,5,0.9072193503379822,1.0,0.0,0.04376956820487976,4,153.58785095214844,6309.248046875
1276.499971516366,5,0.9076643586158752,1.0,0.0,0.041295964270830154,4,153.73118133544924,6330.93359375
1276.549971516366,5,0.9083325862884521,1.0,0.0,0.03808080777525902,4,153.97871704101564,6319.650390625
1276.5833048496993,5,0.9087786078453064,1.0,0.0,0.032888263463974,4,154.14305877685547,6317.14208984375
1276.6166381830326,5,0.9092251658439636,1.0,0.0,0.029920309782028198,4,154.30491485595704,6309.10546875
1276.6666381830325,5,0.9098958969116211,1.0,0.0,0.025222113355994225,4,154.53369140625,6332.98974609375
1276.6999715163658,5,0.910343587398529,1.0,0.0,0.021759793162345886,4,154.69229278564453,6313.53369140625
1276.7499715163658,5,0.9110158681869507,1.0,0.0,0.016568191349506378,4,154.90621032714844,6358.322265625
1276.7999715163658,5,0.911689281463623,1.0,0.0,0.010386018082499504,4,155.1645950317383,6344.5068359375
1276.8499715163657,5,0.9123637080192566,1.0,0.0,0.006676524877548218,4,155.41609954833984,6356.765625
1276.8999715163657,5,0.9130392074584961,1.0,0.0,0.002967031905427575,4,155.66119079589845,6345.41259765625
1276.9499715163656,5,0.9137157201766968,1.0,0.0,0.0007424602517858148,4,155.87241668701174,6364.8515625
1276.9999715163656,5,0.9143931269645691,1.0,0.0,-0.003214207012206316,4,156.09109954833986,6375.35302734375
1277.0499715163655,5,0.915071427822113,1.0,0.0,-0.008653922937810421,4,156.28834533691406,6379.4296875
1277.0833048496988,5,0.9155241847038269,1.0,0.0,-0.012115304358303547,4,156.43318634033204,6412.0302734375
1277.1166381830321,5,0.9159772992134094,1.0,0.0,-0.015330445021390915,4,156.59563293457032,6427.8037109375
1277.166638183032,5,0.9166579246520996,1.0,0.0,-0.025219310075044632,4,156.83709869384765,6384.5087890625
1277.216638183032,5,0.9173393845558167,1.0,0.0,-0.03881765529513359,4,157.01380004882813,6411.85107421875
1277.266638183032,5,0.9180216193199158,1.0,0.0,-0.05093296989798546,4,157.20279235839845,6439.099609375
1277.2999715163653,5,0.9184768795967102,1.0,0.0,-0.06354168057441711,4,157.34381561279298,6448.01904296875
1277.3499715163653,5,0.9191607236862183,1.0,0.0,-0.07713910192251205,4,157.5729217529297,6453.224609375
1277.4166381830319,5,0.9200738668441772,1.0,0.0,-0.08208352327346802,4,157.8541717529297,6449.8935546875
1277.4666381830318,5,0.9207597374916077,1.0,0.0,-0.07664570212364197,4,158.04946746826172,6467.17529296875
1277.5166381830318,5,0.9214465022087097,1.0,0.0,-0.06947482377290726,4,158.25314025878907,6477.36279296875
1277.549971516365,5,0.9219049215316772,1.0,0.0,-0.06453130394220352,4,158.3911148071289,6478.93017578125
1277.5833048496984,5,0.9223635196685791,1.0,0.0,-0.05859724059700966,4,158.5233901977539,6489.11328125
1277.6333048496983,5,0.9230523109436035,1.0,0.0,-0.04821309447288513,4,158.72117156982424,6497.54833984375
1277.6833048496983,5,0.9237419962882996,1.0,0.0,-0.034862861037254333,4,158.923828125,6514.2021484375
1277.7166381830316,5,0.9242023229598999,1.0,0.0,-0.02497307024896145,4,159.0685592651367,6517.42578125
1277.7666381830315,5,0.9248935580253601,1.0,0.0,-0.01434081420302391,4,159.291911315918,6503.55126953125
1277.8166381830315,5,0.9255855083465576,1.0,0.0,-0.005439714528620243,4,159.48028564453125,6520.904296875
1277.8499715163648,5,0.9260470867156982,1.0,0.0,-0.0009886985644698143,4,159.61164093017578,6536.85693359375
1277.8999715163648,5,0.9267402291297913,1.0,0.0,0.007665223442018032,4,159.82937622070312,6546.91064453125
1277.9499715163647,5,0.9274343252182007,1.0,0.0,0.011870001442730427,4,160.04461212158205,6542.58740234375
1277.9999715163647,5,0.928129255771637,1.0,0.0,0.013105874881148338,4,160.2395782470703,6549.1259765625
1278.0499715163646,5,0.9288250207901001,1.0,0.0,0.01656818948686123,4,160.43414611816408,6573.13671875
1278.0999715163646,5,0.9295217394828796,1.0,0.0,0.022007904946804047,4,160.63677520751955,6574.83349609375
1278.1333048496979,5,0.9299866557121277,1.0,0.0,0.024233417585492134,4,160.77146759033204,6594.5263671875
1278.1666381830312,5,0.9304519891738892,1.0,0.0,0.027942907065153122,4,160.9213073730469,6604.4423828125
1278.1999715163645,5,0.9309177994728088,1.0,0.0,0.03461943194270134,4,161.08016967773438,6591.85986328125
1278.2499715163644,5,0.9316174387931824,1.0,0.0,0.049456462264060974,4,161.29811096191406,6593.86181640625
1278.2999715163644,5,0.9323179721832275,1.0,0.0,0.060090597718954086,4,161.5057800292969,6597.71240234375
1278.3499715163643,5,0.9330193996429443,1.0,0.0,0.06404725462198257,4,161.69702453613283,6609.53515625
1278.3999715163643,5,0.9337217211723328,1.0,0.0,0.06627275049686432,4,161.88664855957032,6635.46142578125
1278.4499715163643,5,0.9344249963760376,1.0,0.0,0.06454160809516907,4,162.10667724609377,6651.28662109375
1278.4999715163642,5,0.9351292848587036,1.0,0.0,0.04871494695544243,4,162.34712677001954,6641.296875
1278.5499715163642,5,0.9358346462249756,1.0,0.0,0.023490961641073227,4,162.55369720458984,6641.2998046875
1278.5999715163641,5,0.9365409016609192,1.0,0.0,-0.0009886985644698143,4,162.74481811523438,6652.8779296875
1278.649971516364,5,0.9372480511665344,1.0,0.0,-0.017060667276382446,4,162.9552200317383,6677.75
1278.699971516364,5,0.9379562139511108,1.0,0.0,-0.03164771944284439,4,163.18716888427736,6670.47900390625
1278.749971516364,5,0.9386653304100037,1.0,0.0,-0.03857141733169556,4,163.39983673095705,6676.22998046875
1278.799971516364,5,0.939375102519989,1.0,0.0,-0.032143011689186096,4,163.6181625366211,6695.78466796875
1278.849971516364,5,0.9400857090950012,1.0,0.0,-0.019039008766412735,4,163.82642211914063,6685.62646484375
1278.8999715163638,5,0.940796971321106,1.0,0.0,-0.006181240081787109,4,164.00966033935546,6718.2802734375
1278.9499715163638,5,0.9415091276168823,1.0,0.0,-0.0004934131284244359,4,164.22268524169922,6738.64599609375
1278.9999715163638,5,0.9422222375869751,1.0,0.0,-0.002472683321684599,4,164.44456787109377,6743.51171875
1279.0499715163637,5,0.9429363012313843,1.0,0.0,-0.004698192235082388,4,164.66665649414062,6741.29248046875
1279.0999715163637,5,0.9436512589454651,1.0,0.0,-0.004698191303759813,4,164.8748748779297,6740.65380859375
1279.1499715163636,5,0.9443671703338623,1.0,0.0,-0.0024726828560233116,4,165.07087097167968,6759.52734375
1279.1999715163636,5,0.9450839757919312,1.0,0.0,-0.004698191303759813,4,165.28169860839844,6781.44921875
1279.2499715163635,5,0.9458017349243164,1.0,0.0,-0.009642619639635086,4,165.4937484741211,6764.13671875
1279.2999715163635,5,0.9465202689170837,1.0,0.0,-0.012115302495658398,4,165.68014526367188,6806.86669921875
1279.3499715163634,5,0.9472397565841675,1.0,0.0,-0.007417112588882446,4,165.9130828857422,6817.7294921875
1279.3833048496967,5,0.9477200508117676,1.0,0.0,-0.002967031905427575,4,166.08348083496094,6810.2314453125
1279.4333048496967,5,0.9484413266181946,1.0,0.0,0.006923699751496315,4,166.3305221557617,6793.12060546875
1279.46663818303,5,0.9489228129386902,1.0,0.0,0.014588923193514347,4,166.4748275756836,6802.62890625
1279.4999715163633,5,0.9494047164916992,1.0,0.0,0.02349095419049263,4,166.6242691040039,6807.08349609375
1279.5333048496966,5,0.9498870372772217,1.0,0.0,0.030415590852499008,4,166.7747817993164,6812.98779296875
1279.5833048496966,5,0.9506114721298218,1.0,0.0,0.03808080777525902,4,166.98798522949218,6811.6162109375
1279.6333048496965,5,0.9513368010520935,1.0,0.0,0.038576096296310425,4,167.1843246459961,6824.1435546875
1279.6666381830298,5,0.9518208503723145,1.0,0.0,0.036844946444034576,4,167.31985473632812,6835.7373046875
1279.6999715163631,5,0.9523053765296936,1.0,0.0,0.035113777965307236,4,167.4594223022461,6844.048828125
1279.749971516363,5,0.9530329704284668,1.0,0.0,0.031404294073581696,4,167.66555328369142,6843.78369140625
1279.799971516363,5,0.9537615180015564,1.0,0.0,0.031157109886407852,4,167.85130462646484,6857.1630859375
1279.849971516363,5,0.9544910192489624,1.0,0.0,0.03560813143849373,4,168.03863525390625,6879.20654296875
1279.899971516363,5,0.9552212953567505,1.0,0.0,0.040553487837314606,4,168.24498596191407,6893.9248046875
1279.9333048496962,5,0.9557086229324341,1.0,0.0,0.0405535027384758,4,168.390087890625,6893.744140625
1279.9833048496962,5,0.9564405083656311,1.0,0.0,0.04030725359916687,4,168.60022888183593,6897.1552734375
1280.0166381830295,5,0.9569288492202759,1.0,0.0,0.04203841835260391,4,168.73422088623047,6898.91943359375
1280.0499715163628,5,0.9574174880981445,1.0,0.0,0.044757332652807236,4,168.86605682373047,6906.34912109375
1280.0999715163628,5,0.9581512212753296,1.0,0.0,0.04846777766942978,4,169.0650192260742,6918.94091796875
1280.1499715163627,5,0.9588858485221863,1.0,0.0,0.04797341302037239,4,169.2745834350586,6934.06640625
1280.1999715163627,5,0.9596213102340698,1.0,0.0,0.047478124499320984,4,169.4880615234375,6922.9013671875
1280.233304849696,5,0.9601120948791504,1.0,0.0,0.049950823187828064,4,169.62017211914062,6940.17333984375
1280.283304849696,5,0.9608490467071533,1.0,0.0,0.05069233849644661,4,169.8424255371094,6943.90869140625
1280.3333048496959,5,0.9615867733955383,1.0,0.0,0.04920929670333862,4,170.05117950439453,6928.5244140625
1280.3833048496958,5,0.962325394153595,1.0,0.0,0.04896117001771927,4,170.2051528930664,6948.92041015625
1280.4333048496958,5,0.9630644917488098,1.0,0.0,0.05094045028090477,4,170.36592407226564,6989.58447265625
1280.466638183029,5,0.9635576605796814,1.0,0.0,0.05192914232611656,4,170.49083862304687,6995.408203125
1280.4999715163624,5,0.9640511870384216,1.0,0.0,0.04772530868649483,4,170.62311401367188,7003.90625
1280.5333048496957,5,0.9645450115203857,1.0,0.0,0.04426299035549164,4,170.76133575439454,7019.1064453125
1280.5833048496957,5,0.9652864933013916,1.0,0.0,0.03832797706127167,4,170.9830535888672,7019.623046875
1280.616638183029,5,0.9657813310623169,1.0,0.0,0.038576096296310425,4,171.13097076416017,7013.12353515625
1280.666638183029,5,0.9665243029594421,1.0,0.0,0.03684493526816368,4,171.3467971801758,7022.1435546875
1280.7166381830289,5,0.9672681093215942,1.0,0.0,0.03536096587777138,4,171.5576934814453,7017.49072265625
1280.7666381830288,5,0.9680128693580627,1.0,0.0,0.033629801124334335,4,171.7622314453125,7040.50048828125
1280.7999715163621,5,0.9685097932815552,1.0,0.0,0.02917877957224846,4,171.9091049194336,7038.056640625
1280.849971516362,5,0.9692561626434326,1.0,0.0,0.019535226747393608,4,172.13101501464845,7043.953125
1280.8833048496954,5,0.9697543978691101,1.0,0.0,0.011374713853001595,4,172.2848648071289,7051.60498046875
1280.9166381830287,5,0.970253050327301,1.0,0.0,0.00692369882017374,4,172.44315032958986,7038.65087890625
1280.9666381830286,5,0.9710018634796143,1.0,0.0,0.005687827244400978,4,172.64160461425783,7040.51708984375
1281.0166381830286,5,0.9717516303062439,1.0,0.0,0.009644494391977787,4,172.83126983642578,7059.068359375
1281.049971516362,5,0.9722519516944885,1.0,0.0,0.012611526064574718,4,172.9549346923828,7060.87060546875
1281.0833048496952,5,0.9727526903152466,1.0,0.0,0.013105874881148338,4,173.0767044067383,7064.40185546875
1281.1333048496952,5,0.9735044836997986,1.0,0.0,0.013353049755096436,4,173.2555892944336,7097.29736328125
1281.183304849695,5,0.9742571115493774,1.0,0.0,0.011374715715646744,4,173.45056915283203,7104.34423828125
1281.233304849695,5,0.9750107526779175,1.0,0.0,0.009890730492770672,4,173.63599090576173,7122.669921875
1281.283304849695,5,0.9757651090621948,1.0,0.0,0.009644494391977787,4,173.82947387695313,7142.4990234375
1281.3166381830283,5,0.9762686491012573,1.0,0.0,0.008407685905694962,4,173.9734359741211,7151.7607421875
1281.3666381830283,5,0.9770247340202332,1.0,0.0,0.005192541517317295,4,174.2153549194336,7152.80615234375
1281.4166381830282,5,0.9777819514274597,1.0,0.0,0.003215143224224448,4,174.45967712402344,7124.04833984375
1281.4666381830282,5,0.9785401821136475,1.0,0.0,0.005440652370452881,4,174.67127380371093,7134.83203125
1281.4999715163615,5,0.9790463447570801,1.0,0.0,0.0074180494993925095,4,174.8080261230469,7135.45654296875
1281.5499715163614,5,0.9798062443733215,1.0,0.0,0.00741804763674736,4,174.9876251220703,7146.65234375
1281.5833048496947,5,0.9803131818771362,1.0,0.0,0.007171810604631901,4,175.10288543701174,7166.4619140625
1281.6333048496947,5,0.9810744524002075,1.0,0.0,0.004946303088217974,4,175.29689025878906,7200.10107421875
1281.666638183028,5,0.9815824627876282,1.0,0.0,0.0022255079820752144,4,175.45289611816406,7204.21826171875
1281.716638183028,5,0.9823455214500427,1.0,0.0,-0.0019773973617702723,4,175.69852294921876,7181.99365234375
1281.766638183028,5,0.983109176158905,1.0,0.0,0.0004943495150655508,4,175.89898223876955,7182.4619140625
1281.7999715163612,5,0.9836186766624451,1.0,0.0,0.005192539654672146,4,176.01810150146486,7213.32421875
1281.8499715163612,5,0.9843837022781372,1.0,0.0,0.01038601715117693,4,176.22596282958986,7219.21728515625
1281.8999715163611,5,0.9851494431495667,1.0,0.0,0.007171810604631901,4,176.4444534301758,7226.3115234375
1281.949971516361,5,0.9859163165092468,1.0,0.0,-0.0002471748157404363,4,176.66939849853517,7239.9970703125
1281.9833048496944,5,0.9864280223846436,1.0,0.0,-0.0034604452084749937,4,176.82920837402344,7228.57861328125
1282.0333048496943,5,0.9871965050697327,1.0,0.0,-0.004944429732859135,4,177.05725708007813,7232.169921875
1282.0833048496943,5,0.9879659414291382,1.0,0.0,-0.004450079519301653,4,177.26227569580078,7227.2470703125
1282.1166381830276,5,0.9884793758392334,1.0,0.0,-0.0014830483123660088,4,177.38238372802735,7242.96923828125
1282.1666381830275,5,0.9892501831054688,1.0,0.0,0.001236809534020722,4,177.56710510253907,7263.27197265625
1282.2166381830275,5,0.990021824836731,1.0,0.0,-0.0004934130702167749,4,177.76465301513673,7288.29296875
1282.2666381830275,5,0.9907943606376648,1.0,0.0,-0.00395573116838932,4,177.98795013427736,7291.55517578125
1282.3166381830274,5,0.9915677905082703,1.0,0.0,-0.0056859529577195644,4,178.21871795654297,7288.30078125
1282.3666381830274,5,0.9923423528671265,1.0,0.0,-0.004202906507998705,4,178.43238830566406,7284.88330078125
1282.4166381830273,5,0.9931177496910095,1.0,0.0,-0.0007415240979753435,4,178.62859039306642,7295.32373046875
1282.4499715163606,5,0.9936351776123047,1.0,0.0,0.0007424602517858148,4,178.76107177734374,7307.76171875
1282.4999715163606,5,0.9944120049476624,1.0,0.0,-0.0017311591655015945,4,178.9721878051758,7318.09130859375
1282.5499715163605,5,0.9951898455619812,1.0,0.0,-0.005934063345193863,4,179.17102661132813,7306.7216796875
1282.5999715163605,5,0.9959685206413269,1.0,0.0,-0.00395573116838932,4,179.35408630371094,7328.5322265625
1282.6499715163604,5,0.9967479705810547,1.0,0.0,-0.0002471746993251145,4,179.54192504882812,7329.1865234375
1282.6833048496937,5,0.9972680807113647,1.0,0.0,0.0007424602517858148,4,179.6635986328125,7348.00537109375
1282.716638183027,5,0.9977886080741882,1.0,0.0,0.0014839842915534973,4,179.79208374023438,7349.7529296875
1282.766638183027,5,0.9985702633857727,1.0,0.0,0.0007424602517858148,4,179.98154296875,7356.0146484375
1282.816638183027,5,0.9993528127670288,1.0,0.0,0.00024811094044707716,4,180.1608123779297,7357.97021484375
